-- Remove all elements from all tables
CREATE or replace FUNCTION clean_tables() RETURNS void AS $$
declare
  l_stmt text;
begin
  select 'truncate ' || string_agg(format('%I.%I', schemaname, tablename) , ',')
    into l_stmt
  from pg_tables
  where schemaname in ('public');

  execute l_stmt || ' cascade';
end;
$$ LANGUAGE plpgsql;
select clean_tables();

-- reset sequence

CREATE or replace FUNCTION restart_sequences() RETURNS void AS $$
DECLARE
i TEXT;
BEGIN
 FOR i IN (SELECT column_default FROM information_schema.columns WHERE column_default SIMILAR TO 'nextval%')
  LOOP
         EXECUTE 'ALTER SEQUENCE'||' ' || substring(substring(i from '''[a-z_]*')from '[a-z_]+') || ' '||' RESTART 1;';
  END LOOP;
END $$ LANGUAGE plpgsql;
select restart_sequences();
-- end reset

-- can be used truncate command for each table

insert into osoba (id_osoba, osobni_cislo, jmeno, prijmeni, datum_narozeni) values (1, '9045581612', 'Lynette', 'Tame', '1957-07-19');
insert into osoba (id_osoba, osobni_cislo, jmeno, prijmeni, datum_narozeni) values (2, '9172450584', 'Edy', 'Soda', '1954-12-04');
insert into osoba (id_osoba, osobni_cislo, jmeno, prijmeni, datum_narozeni) values (3, '0010300171', 'Mabelle', 'Eixenberger', '1997-03-13');
insert into osoba (id_osoba, osobni_cislo, jmeno, prijmeni, datum_narozeni) values (4, '6599554806', 'Daniella', 'Sellen', '1950-09-10');
insert into osoba (id_osoba, osobni_cislo, jmeno, prijmeni, datum_narozeni) values (5, '9649558632', 'Olin', 'Sagerson', '1997-12-30');
insert into osoba (id_osoba, osobni_cislo, jmeno, prijmeni, datum_narozeni) values (6, '7923862826', 'Ruthanne', 'Pleming', '1956-09-25');
insert into osoba (id_osoba, osobni_cislo, jmeno, prijmeni, datum_narozeni) values (7, '5124104007', 'Tersina', 'Datte', '1976-03-05');
insert into osoba (id_osoba, osobni_cislo, jmeno, prijmeni, datum_narozeni) values (8, '5820653386', 'Mufi', 'Yakhin', '1971-01-11');
insert into osoba (id_osoba, osobni_cislo, jmeno, prijmeni, datum_narozeni) values (9, '3103438761', 'Ben', 'Annes', '1997-03-24');
insert into osoba (id_osoba, osobni_cislo, jmeno, prijmeni, datum_narozeni) values (10, '3807128239', 'Maria', 'Harsant', '1988-04-19');
insert into osoba (id_osoba, osobni_cislo, jmeno, prijmeni, datum_narozeni) values (11, '1039896391', 'Martino', 'Toor', '1971-02-03');
insert into osoba (id_osoba, osobni_cislo, jmeno, prijmeni, datum_narozeni) values (12, '8674724868', 'Atlanta', 'Cornehl', '1962-01-12');
insert into osoba (id_osoba, osobni_cislo, jmeno, prijmeni, datum_narozeni) values (13, '0485720175', 'Krystle', 'Yateman', '1989-09-28');
insert into osoba (id_osoba, osobni_cislo, jmeno, prijmeni, datum_narozeni) values (14, '6314783690', 'Les', 'O'' Culligan', '1990-04-02');
insert into osoba (id_osoba, osobni_cislo, jmeno, prijmeni, datum_narozeni) values (15, '5557935509', 'Gipsy', 'Melmoth', '1990-12-04');
insert into osoba (id_osoba, osobni_cislo, jmeno, prijmeni, datum_narozeni) values (16, '6307104333', 'Rebeca', 'Perdue', '1974-03-18');
insert into osoba (id_osoba, osobni_cislo, jmeno, prijmeni, datum_narozeni) values (17, '1347795642', 'Mack', 'Chasteau', '1989-11-01');
insert into osoba (id_osoba, osobni_cislo, jmeno, prijmeni, datum_narozeni) values (18, '3072022690', 'Mose', 'Fynes', '1994-10-10');
insert into osoba (id_osoba, osobni_cislo, jmeno, prijmeni, datum_narozeni) values (19, '6618196442', 'Arlin', 'Farryn', '1975-09-11');
insert into osoba (id_osoba, osobni_cislo, jmeno, prijmeni, datum_narozeni) values (20, '9565332315', 'Hayward', 'Dunton', '1968-01-31');
insert into osoba (id_osoba, osobni_cislo, jmeno, prijmeni, datum_narozeni) values (21, '7383323882', 'Eimile', 'O''Kelly', '1960-07-22');
insert into osoba (id_osoba, osobni_cislo, jmeno, prijmeni, datum_narozeni) values (22, '2915816131', 'Austen', 'Chazette', '1992-02-05');
insert into osoba (id_osoba, osobni_cislo, jmeno, prijmeni, datum_narozeni) values (23, '6987068755', 'Elaina', 'Hepher', '1963-11-27');
insert into osoba (id_osoba, osobni_cislo, jmeno, prijmeni, datum_narozeni) values (24, '7080638127', 'Bond', 'Moretto', '1990-04-29');
insert into osoba (id_osoba, osobni_cislo, jmeno, prijmeni, datum_narozeni) values (25, '8377270080', 'Egor', 'Lyal', '1978-01-23');
insert into osoba (id_osoba, osobni_cislo, jmeno, prijmeni, datum_narozeni) values (26, '1653931086', 'Ellerey', 'Hallibone', '1965-01-09');
insert into osoba (id_osoba, osobni_cislo, jmeno, prijmeni, datum_narozeni) values (27, '4197001029', 'Adrienne', 'Scoyne', '1990-08-03');
insert into osoba (id_osoba, osobni_cislo, jmeno, prijmeni, datum_narozeni) values (28, '9847349274', 'Cornell', 'Mariaud', '1957-01-29');
insert into osoba (id_osoba, osobni_cislo, jmeno, prijmeni, datum_narozeni) values (29, '2360132113', 'Judah', 'Proven', '1968-07-18');
insert into osoba (id_osoba, osobni_cislo, jmeno, prijmeni, datum_narozeni) values (30, '4494531812', 'Stacee', 'MacKonochie', '1964-06-24');
insert into osoba (id_osoba, osobni_cislo, jmeno, prijmeni, datum_narozeni) values (31, '8765194152', 'Rhianon', 'Olliar', '1987-08-17');
insert into osoba (id_osoba, osobni_cislo, jmeno, prijmeni, datum_narozeni) values (32, '7944201594', 'Burlie', 'Nanelli', '2000-01-28');
insert into osoba (id_osoba, osobni_cislo, jmeno, prijmeni, datum_narozeni) values (33, '9611127375', 'Ezri', 'Neem', '1982-10-30');
insert into osoba (id_osoba, osobni_cislo, jmeno, prijmeni, datum_narozeni) values (34, '4501715308', 'Gayel', 'Stores', '1991-02-08');
insert into osoba (id_osoba, osobni_cislo, jmeno, prijmeni, datum_narozeni) values (35, '2198554151', 'Siusan', 'Geal', '1986-09-29');
insert into osoba (id_osoba, osobni_cislo, jmeno, prijmeni, datum_narozeni) values (36, '6859425091', 'Glendon', 'Burwood', '1954-12-31');
insert into osoba (id_osoba, osobni_cislo, jmeno, prijmeni, datum_narozeni) values (37, '6594988115', 'Solomon', 'McKernon', '1975-04-22');
insert into osoba (id_osoba, osobni_cislo, jmeno, prijmeni, datum_narozeni) values (38, '1663663904', 'Rudiger', 'Constantinou', '1977-02-10');
insert into osoba (id_osoba, osobni_cislo, jmeno, prijmeni, datum_narozeni) values (39, '2991315741', 'Berthe', 'Richel', '1962-05-30');
insert into osoba (id_osoba, osobni_cislo, jmeno, prijmeni, datum_narozeni) values (40, '1671032934', 'Cassondra', 'Babar', '1994-01-25');
insert into osoba (id_osoba, osobni_cislo, jmeno, prijmeni, datum_narozeni) values (41, '5046526859', 'Barthel', 'McGowran', '1989-05-11');
insert into osoba (id_osoba, osobni_cislo, jmeno, prijmeni, datum_narozeni) values (42, '0695156691', 'Pansie', 'Bricket', '1991-03-24');
insert into osoba (id_osoba, osobni_cislo, jmeno, prijmeni, datum_narozeni) values (43, '5775915887', 'Aarika', 'Ovid', '1958-02-26');
insert into osoba (id_osoba, osobni_cislo, jmeno, prijmeni, datum_narozeni) values (44, '9707867248', 'Nata', 'Bradforth', '1964-11-05');
insert into osoba (id_osoba, osobni_cislo, jmeno, prijmeni, datum_narozeni) values (45, '6883174192', 'Sunny', 'Born', '1950-07-19');
insert into osoba (id_osoba, osobni_cislo, jmeno, prijmeni, datum_narozeni) values (46, '8894961354', 'Kristin', 'Byway', '1961-12-27');
insert into osoba (id_osoba, osobni_cislo, jmeno, prijmeni, datum_narozeni) values (47, '7601458857', 'Nappy', 'Sibbert', '1955-11-14');
insert into osoba (id_osoba, osobni_cislo, jmeno, prijmeni, datum_narozeni) values (48, '1714607976', 'Quentin', 'Pollack', '1986-11-14');
insert into osoba (id_osoba, osobni_cislo, jmeno, prijmeni, datum_narozeni) values (49, '3547918235', 'Josepha', 'Jain', '1992-02-09');
insert into osoba (id_osoba, osobni_cislo, jmeno, prijmeni, datum_narozeni) values (50, '4426666104', 'Nils', 'Gilbey', '1969-08-27');
insert into osoba (id_osoba, osobni_cislo, jmeno, prijmeni, datum_narozeni) values (51, '2564250041', 'Gennie', 'Brizland', '1962-02-23');
insert into osoba (id_osoba, osobni_cislo, jmeno, prijmeni, datum_narozeni) values (52, '9872650128', 'Joana', 'Insko', '1955-11-24');
insert into osoba (id_osoba, osobni_cislo, jmeno, prijmeni, datum_narozeni) values (53, '8468327956', 'Urson', 'Vasilov', '1991-05-26');
insert into osoba (id_osoba, osobni_cislo, jmeno, prijmeni, datum_narozeni) values (54, '6062044422', 'Aaron', 'Berget', '1985-08-13');
insert into osoba (id_osoba, osobni_cislo, jmeno, prijmeni, datum_narozeni) values (55, '3982122724', 'Ado', 'Breewood', '2002-02-23');
insert into osoba (id_osoba, osobni_cislo, jmeno, prijmeni, datum_narozeni) values (56, '7002645684', 'Sherman', 'Lyes', '1984-05-26');
insert into osoba (id_osoba, osobni_cislo, jmeno, prijmeni, datum_narozeni) values (57, '0537223975', 'Adan', 'Weblin', '1996-06-22');
insert into osoba (id_osoba, osobni_cislo, jmeno, prijmeni, datum_narozeni) values (58, '9288044841', 'Vannie', 'Gath', '1987-06-04');
insert into osoba (id_osoba, osobni_cislo, jmeno, prijmeni, datum_narozeni) values (59, '6269322812', 'Michelina', 'Filon', '2001-06-15');
insert into osoba (id_osoba, osobni_cislo, jmeno, prijmeni, datum_narozeni) values (60, '7903578073', 'Staford', 'Anney', '1976-10-15');
insert into osoba (id_osoba, osobni_cislo, jmeno, prijmeni, datum_narozeni) values (61, '6769294842', 'Donavon', 'Mewha', '1964-10-12');
insert into osoba (id_osoba, osobni_cislo, jmeno, prijmeni, datum_narozeni) values (62, '7231715656', 'Pearla', 'MacGuiness', '1994-03-10');
insert into osoba (id_osoba, osobni_cislo, jmeno, prijmeni, datum_narozeni) values (63, '6845099790', 'Mareah', 'Scad', '1981-02-01');
insert into osoba (id_osoba, osobni_cislo, jmeno, prijmeni, datum_narozeni) values (64, '5581824797', 'Leicester', 'Godson', '1956-12-21');
insert into osoba (id_osoba, osobni_cislo, jmeno, prijmeni, datum_narozeni) values (65, '3506325434', 'Yvonne', 'Silverson', '1958-11-05');
insert into osoba (id_osoba, osobni_cislo, jmeno, prijmeni, datum_narozeni) values (66, '0224144804', 'Bo', 'Fetherston', '1977-11-29');
insert into osoba (id_osoba, osobni_cislo, jmeno, prijmeni, datum_narozeni) values (67, '5220692887', 'Jessamine', 'Maleby', '1986-07-28');
insert into osoba (id_osoba, osobni_cislo, jmeno, prijmeni, datum_narozeni) values (68, '0690556411', 'Jodi', 'Nappin', '1981-02-23');
insert into osoba (id_osoba, osobni_cislo, jmeno, prijmeni, datum_narozeni) values (69, '1840027339', 'Johann', 'Ricciardi', '1969-12-19');
insert into osoba (id_osoba, osobni_cislo, jmeno, prijmeni, datum_narozeni) values (70, '0757589537', 'Pippa', 'Coverly', '1981-05-27');
insert into osoba (id_osoba, osobni_cislo, jmeno, prijmeni, datum_narozeni) values (71, '0028077164', 'Colly', 'Labbati', '1957-09-21');
insert into osoba (id_osoba, osobni_cislo, jmeno, prijmeni, datum_narozeni) values (72, '5790352332', 'Fabio', 'Bramble', '1968-11-27');
insert into osoba (id_osoba, osobni_cislo, jmeno, prijmeni, datum_narozeni) values (73, '0291676596', 'Warde', 'Parmenter', '1953-01-13');
insert into osoba (id_osoba, osobni_cislo, jmeno, prijmeni, datum_narozeni) values (74, '8507070426', 'Abe', 'Moyers', '2000-07-26');
insert into osoba (id_osoba, osobni_cislo, jmeno, prijmeni, datum_narozeni) values (75, '1580735002', 'Felix', 'Hellwich', '1957-11-05');
insert into osoba (id_osoba, osobni_cislo, jmeno, prijmeni, datum_narozeni) values (76, '2339228794', 'Torry', 'Crohan', '1955-06-23');
insert into osoba (id_osoba, osobni_cislo, jmeno, prijmeni, datum_narozeni) values (77, '6006388812', 'Josh', 'Villiers', '1992-11-08');
insert into osoba (id_osoba, osobni_cislo, jmeno, prijmeni, datum_narozeni) values (78, '1215429282', 'Hubey', 'O''Malley', '1960-09-21');
insert into osoba (id_osoba, osobni_cislo, jmeno, prijmeni, datum_narozeni) values (79, '7794466717', 'Selina', 'D''Elias', '1975-01-05');
insert into osoba (id_osoba, osobni_cislo, jmeno, prijmeni, datum_narozeni) values (80, '0207002908', 'Hally', 'Mingame', '1980-04-09');
insert into osoba (id_osoba, osobni_cislo, jmeno, prijmeni, datum_narozeni) values (81, '3003761625', 'Daisi', 'De Ath', '1959-11-03');
insert into osoba (id_osoba, osobni_cislo, jmeno, prijmeni, datum_narozeni) values (82, '3909744699', 'Ursola', 'De la Barre', '1985-12-04');
insert into osoba (id_osoba, osobni_cislo, jmeno, prijmeni, datum_narozeni) values (83, '5755975558', 'Warren', 'Schurcke', '1972-01-10');
insert into osoba (id_osoba, osobni_cislo, jmeno, prijmeni, datum_narozeni) values (84, '9588303001', 'Mahmud', 'Quaif', '1970-01-22');
insert into osoba (id_osoba, osobni_cislo, jmeno, prijmeni, datum_narozeni) values (85, '1268791016', 'Dexter', 'Binks', '1984-01-15');
insert into osoba (id_osoba, osobni_cislo, jmeno, prijmeni, datum_narozeni) values (86, '6637962104', 'Rosabella', 'Waple', '1963-10-25');
insert into osoba (id_osoba, osobni_cislo, jmeno, prijmeni, datum_narozeni) values (87, '7618580898', 'Ragnar', 'Meys', '1977-10-28');
insert into osoba (id_osoba, osobni_cislo, jmeno, prijmeni, datum_narozeni) values (88, '0136525091', 'Dan', 'Swain', '1966-11-23');
insert into osoba (id_osoba, osobni_cislo, jmeno, prijmeni, datum_narozeni) values (89, '3246097682', 'Burton', 'Realff', '1961-08-30');
insert into osoba (id_osoba, osobni_cislo, jmeno, prijmeni, datum_narozeni) values (90, '3454321883', 'Casper', 'Tice', '1953-09-11');
insert into osoba (id_osoba, osobni_cislo, jmeno, prijmeni, datum_narozeni) values (91, '9804178052', 'Vance', 'Giamelli', '1966-01-30');
insert into osoba (id_osoba, osobni_cislo, jmeno, prijmeni, datum_narozeni) values (92, '9105754852', 'Stacy', 'Crich', '1977-12-03');
insert into osoba (id_osoba, osobni_cislo, jmeno, prijmeni, datum_narozeni) values (93, '1342785207', 'Jeddy', 'Inold', '1967-04-10');
insert into osoba (id_osoba, osobni_cislo, jmeno, prijmeni, datum_narozeni) values (94, '7225928430', 'Skipp', 'Hallwood', '2001-01-26');
insert into osoba (id_osoba, osobni_cislo, jmeno, prijmeni, datum_narozeni) values (95, '2759892336', 'Myles', 'Callway', '1990-12-27');
insert into osoba (id_osoba, osobni_cislo, jmeno, prijmeni, datum_narozeni) values (96, '4798359025', 'Olivette', 'Ondra', '1956-11-10');
insert into osoba (id_osoba, osobni_cislo, jmeno, prijmeni, datum_narozeni) values (97, '3882645954', 'Maxi', 'Blackaby', '1984-04-07');
insert into osoba (id_osoba, osobni_cislo, jmeno, prijmeni, datum_narozeni) values (98, '0162751346', 'Brion', 'McTeague', '1990-03-03');
insert into osoba (id_osoba, osobni_cislo, jmeno, prijmeni, datum_narozeni) values (99, '9293523612', 'Dyna', 'MacSherry', '1989-11-02');
insert into osoba (id_osoba, osobni_cislo, jmeno, prijmeni, datum_narozeni) values (100, '9569130741', 'Leslie', 'Bastide', '1995-11-20');
insert into osoba (id_osoba, osobni_cislo, jmeno, prijmeni, datum_narozeni) values (101, '5542875025', 'Jacklyn', 'Fannin', '1952-06-30');
insert into osoba (id_osoba, osobni_cislo, jmeno, prijmeni, datum_narozeni) values (102, '6220138317', 'Hillel', 'Vondrys', '1971-03-25');
insert into osoba (id_osoba, osobni_cislo, jmeno, prijmeni, datum_narozeni) values (103, '9493040798', 'Harlie', 'Eldered', '1974-06-12');
insert into osoba (id_osoba, osobni_cislo, jmeno, prijmeni, datum_narozeni) values (104, '8733961204', 'Lise', 'Tregiddo', '1966-10-23');
insert into osoba (id_osoba, osobni_cislo, jmeno, prijmeni, datum_narozeni) values (105, '2170898026', 'Bianca', 'Mayall', '1995-09-05');
insert into osoba (id_osoba, osobni_cislo, jmeno, prijmeni, datum_narozeni) values (106, '4100667922', 'Myrvyn', 'Strover', '1992-03-08');
insert into osoba (id_osoba, osobni_cislo, jmeno, prijmeni, datum_narozeni) values (107, '5469253473', 'Inez', 'Le febre', '1981-01-07');
insert into osoba (id_osoba, osobni_cislo, jmeno, prijmeni, datum_narozeni) values (108, '3585726232', 'Creigh', 'Jonuzi', '1968-11-02');
insert into osoba (id_osoba, osobni_cislo, jmeno, prijmeni, datum_narozeni) values (109, '4671055279', 'Bartholomew', 'Callum', '1973-07-05');
insert into osoba (id_osoba, osobni_cislo, jmeno, prijmeni, datum_narozeni) values (110, '7506024780', 'Gertrud', 'Harbach', '1970-05-21');
insert into osoba (id_osoba, osobni_cislo, jmeno, prijmeni, datum_narozeni) values (111, '8381919037', 'Orren', 'Bolzen', '1955-10-30');
insert into osoba (id_osoba, osobni_cislo, jmeno, prijmeni, datum_narozeni) values (112, '5151205722', 'Glenden', 'Bemment', '1978-04-12');
insert into osoba (id_osoba, osobni_cislo, jmeno, prijmeni, datum_narozeni) values (113, '1879510146', 'Stirling', 'Duckers', '1970-03-07');
insert into osoba (id_osoba, osobni_cislo, jmeno, prijmeni, datum_narozeni) values (114, '0214293394', 'Alexine', 'Slavin', '1996-12-17');
insert into osoba (id_osoba, osobni_cislo, jmeno, prijmeni, datum_narozeni) values (115, '0014681196', 'Leanna', 'Iacovolo', '1953-07-07');
insert into osoba (id_osoba, osobni_cislo, jmeno, prijmeni, datum_narozeni) values (116, '6759947762', 'Jarad', 'Soden', '2001-10-23');
insert into osoba (id_osoba, osobni_cislo, jmeno, prijmeni, datum_narozeni) values (117, '4289060374', 'Miguela', 'Cuttler', '1993-09-13');
insert into osoba (id_osoba, osobni_cislo, jmeno, prijmeni, datum_narozeni) values (118, '0241187230', 'Dannie', 'Killingworth', '1995-08-09');
insert into osoba (id_osoba, osobni_cislo, jmeno, prijmeni, datum_narozeni) values (119, '5627888652', 'Georgie', 'Ivakhin', '1962-03-22');
insert into osoba (id_osoba, osobni_cislo, jmeno, prijmeni, datum_narozeni) values (120, '2537832930', 'Jackie', 'Mendez', '1953-12-10');
insert into osoba (id_osoba, osobni_cislo, jmeno, prijmeni, datum_narozeni) values (121, '8649431097', 'Burgess', 'Feetham', '1962-02-18');
insert into osoba (id_osoba, osobni_cislo, jmeno, prijmeni, datum_narozeni) values (122, '8393152763', 'Berthe', 'Stut', '1987-07-18');
insert into osoba (id_osoba, osobni_cislo, jmeno, prijmeni, datum_narozeni) values (123, '7886912675', 'Florentia', 'O''Sherin', '1973-04-10');
insert into osoba (id_osoba, osobni_cislo, jmeno, prijmeni, datum_narozeni) values (124, '7431452535', 'Caitlin', 'Giorgetti', '1965-11-24');
insert into osoba (id_osoba, osobni_cislo, jmeno, prijmeni, datum_narozeni) values (125, '4481936614', 'Madonna', 'Fearnyough', '1975-01-17');
insert into osoba (id_osoba, osobni_cislo, jmeno, prijmeni, datum_narozeni) values (126, '7749081852', 'Fredra', 'Humberstone', '2001-05-27');
insert into osoba (id_osoba, osobni_cislo, jmeno, prijmeni, datum_narozeni) values (127, '8377749718', 'Alta', 'Hebden', '1998-01-15');
insert into osoba (id_osoba, osobni_cislo, jmeno, prijmeni, datum_narozeni) values (128, '7222391355', 'Glenden', 'Iacoboni', '1963-09-17');
insert into osoba (id_osoba, osobni_cislo, jmeno, prijmeni, datum_narozeni) values (129, '9719498595', 'Nolana', 'Orehead', '1971-07-28');
insert into osoba (id_osoba, osobni_cislo, jmeno, prijmeni, datum_narozeni) values (130, '2950866700', 'Lilith', 'Davidowich', '1958-01-28');
insert into osoba (id_osoba, osobni_cislo, jmeno, prijmeni, datum_narozeni) values (131, '2098153457', 'Pat', 'Sollett', '1975-12-21');
insert into osoba (id_osoba, osobni_cislo, jmeno, prijmeni, datum_narozeni) values (132, '4045699333', 'Kaia', 'McConachie', '1999-12-05');
insert into osoba (id_osoba, osobni_cislo, jmeno, prijmeni, datum_narozeni) values (133, '9265049510', 'Andrea', 'Boldison', '1957-07-03');
insert into osoba (id_osoba, osobni_cislo, jmeno, prijmeni, datum_narozeni) values (134, '8463268617', 'Philis', 'Touhig', '1993-01-09');
insert into osoba (id_osoba, osobni_cislo, jmeno, prijmeni, datum_narozeni) values (135, '0601771567', 'Brietta', 'Forster', '1969-04-12');
insert into osoba (id_osoba, osobni_cislo, jmeno, prijmeni, datum_narozeni) values (136, '0046758135', 'Davis', 'Ebunoluwa', '1970-09-26');
insert into osoba (id_osoba, osobni_cislo, jmeno, prijmeni, datum_narozeni) values (137, '0506472299', 'Raynor', 'Beglin', '1968-11-21');
insert into osoba (id_osoba, osobni_cislo, jmeno, prijmeni, datum_narozeni) values (138, '8156647661', 'Tami', 'Slingsby', '1964-03-12');
insert into osoba (id_osoba, osobni_cislo, jmeno, prijmeni, datum_narozeni) values (139, '1404245596', 'Diana', 'Mauger', '1974-08-19');
insert into osoba (id_osoba, osobni_cislo, jmeno, prijmeni, datum_narozeni) values (140, '2248818092', 'Quinlan', 'Sharram', '1952-02-25');
insert into osoba (id_osoba, osobni_cislo, jmeno, prijmeni, datum_narozeni) values (141, '3988230960', 'Felice', 'Longdon', '1961-10-28');
insert into osoba (id_osoba, osobni_cislo, jmeno, prijmeni, datum_narozeni) values (142, '4722214298', 'Marlyn', 'Hanton', '1999-04-04');
insert into osoba (id_osoba, osobni_cislo, jmeno, prijmeni, datum_narozeni) values (143, '9777418876', 'Anatollo', 'Twiddle', '1980-09-29');
insert into osoba (id_osoba, osobni_cislo, jmeno, prijmeni, datum_narozeni) values (144, '0146881141', 'Wyatt', 'Barrow', '1994-04-06');
insert into osoba (id_osoba, osobni_cislo, jmeno, prijmeni, datum_narozeni) values (145, '9617307189', 'Gregorius', 'Hoyes', '1989-05-20');
insert into osoba (id_osoba, osobni_cislo, jmeno, prijmeni, datum_narozeni) values (146, '6221010403', 'Keith', 'Sidry', '1951-09-28');
insert into osoba (id_osoba, osobni_cislo, jmeno, prijmeni, datum_narozeni) values (147, '5182276702', 'Hamil', 'Gayler', '1996-03-08');
insert into osoba (id_osoba, osobni_cislo, jmeno, prijmeni, datum_narozeni) values (148, '1496146158', 'Hernando', 'Le Huquet', '2000-10-18');
insert into osoba (id_osoba, osobni_cislo, jmeno, prijmeni, datum_narozeni) values (149, '2527716512', 'Doug', 'Verick', '1969-03-01');
insert into osoba (id_osoba, osobni_cislo, jmeno, prijmeni, datum_narozeni) values (150, '7328390018', 'Nollie', 'Labeuil', '2001-07-24');
insert into osoba (id_osoba, osobni_cislo, jmeno, prijmeni, datum_narozeni) values (151, '4688793014', 'Lil', 'Phidgin', '1962-05-19');
insert into osoba (id_osoba, osobni_cislo, jmeno, prijmeni, datum_narozeni) values (152, '3510215397', 'Adara', 'Crowest', '1982-01-29');
insert into osoba (id_osoba, osobni_cislo, jmeno, prijmeni, datum_narozeni) values (153, '1044558202', 'Danita', 'Ateridge', '1966-09-07');
insert into osoba (id_osoba, osobni_cislo, jmeno, prijmeni, datum_narozeni) values (154, '3159955036', 'Sharlene', 'Sugar', '1979-07-08');
insert into osoba (id_osoba, osobni_cislo, jmeno, prijmeni, datum_narozeni) values (155, '0661223531', 'Domeniga', 'Scobbie', '1953-04-29');
insert into osoba (id_osoba, osobni_cislo, jmeno, prijmeni, datum_narozeni) values (156, '3639663101', 'Andriana', 'Stook', '1953-07-08');
insert into osoba (id_osoba, osobni_cislo, jmeno, prijmeni, datum_narozeni) values (157, '8595167621', 'Sumner', 'MacKimmie', '1983-01-01');
insert into osoba (id_osoba, osobni_cislo, jmeno, prijmeni, datum_narozeni) values (158, '9000350077', 'Cash', 'Alpin', '1973-04-15');
insert into osoba (id_osoba, osobni_cislo, jmeno, prijmeni, datum_narozeni) values (159, '4750302899', 'Inglebert', 'Woolacott', '1951-04-28');
insert into osoba (id_osoba, osobni_cislo, jmeno, prijmeni, datum_narozeni) values (160, '4880345091', 'Roscoe', 'Vaughan', '1998-11-20');
insert into osoba (id_osoba, osobni_cislo, jmeno, prijmeni, datum_narozeni) values (161, '0075562022', 'Khalil', 'Trainor', '1988-02-24');
insert into osoba (id_osoba, osobni_cislo, jmeno, prijmeni, datum_narozeni) values (162, '7595441447', 'Malory', 'Nystrom', '1951-05-16');
insert into osoba (id_osoba, osobni_cislo, jmeno, prijmeni, datum_narozeni) values (163, '2511378418', 'Shir', 'Nelle', '1998-01-17');
insert into osoba (id_osoba, osobni_cislo, jmeno, prijmeni, datum_narozeni) values (164, '4448599132', 'Caty', 'Bannester', '1950-10-25');
insert into osoba (id_osoba, osobni_cislo, jmeno, prijmeni, datum_narozeni) values (165, '5189469220', 'Douglass', 'Matokhnin', '1953-09-04');
insert into osoba (id_osoba, osobni_cislo, jmeno, prijmeni, datum_narozeni) values (166, '4281460489', 'Fayette', 'Gayne', '1967-09-30');
insert into osoba (id_osoba, osobni_cislo, jmeno, prijmeni, datum_narozeni) values (167, '6440809903', 'Terrie', 'Ciciura', '1998-07-04');
insert into osoba (id_osoba, osobni_cislo, jmeno, prijmeni, datum_narozeni) values (168, '9263966672', 'Jaymee', 'Dreng', '1986-12-30');
insert into osoba (id_osoba, osobni_cislo, jmeno, prijmeni, datum_narozeni) values (169, '3895386464', 'Derick', 'Magor', '1977-05-28');
insert into osoba (id_osoba, osobni_cislo, jmeno, prijmeni, datum_narozeni) values (170, '2361215144', 'Hi', 'Love', '1962-10-05');
insert into osoba (id_osoba, osobni_cislo, jmeno, prijmeni, datum_narozeni) values (171, '1008933619', 'Brendin', 'Cinderey', '1995-09-08');
insert into osoba (id_osoba, osobni_cislo, jmeno, prijmeni, datum_narozeni) values (172, '9435620078', 'Odie', 'Crighton', '1988-02-21');
insert into osoba (id_osoba, osobni_cislo, jmeno, prijmeni, datum_narozeni) values (173, '4675358713', 'Farrah', 'Billington', '1965-03-20');
insert into osoba (id_osoba, osobni_cislo, jmeno, prijmeni, datum_narozeni) values (174, '4445485896', 'Alfreda', 'Van Waadenburg', '1991-01-15');
insert into osoba (id_osoba, osobni_cislo, jmeno, prijmeni, datum_narozeni) values (175, '3057032575', 'Gerek', 'Izakovitz', '1970-10-23');
insert into osoba (id_osoba, osobni_cislo, jmeno, prijmeni, datum_narozeni) values (176, '7335831717', 'Lanni', 'Blythin', '1980-04-18');
insert into osoba (id_osoba, osobni_cislo, jmeno, prijmeni, datum_narozeni) values (177, '7477081386', 'Henka', 'Glass', '1984-09-28');
insert into osoba (id_osoba, osobni_cislo, jmeno, prijmeni, datum_narozeni) values (178, '1772092304', 'Hobie', 'Murkin', '1982-09-20');
insert into osoba (id_osoba, osobni_cislo, jmeno, prijmeni, datum_narozeni) values (179, '8554175875', 'Kirk', 'Ropars', '1994-04-01');
insert into osoba (id_osoba, osobni_cislo, jmeno, prijmeni, datum_narozeni) values (180, '6745398095', 'Whitaker', 'Bohlje', '1957-12-17');
insert into osoba (id_osoba, osobni_cislo, jmeno, prijmeni, datum_narozeni) values (181, '7982416349', 'Josepha', 'Tyre', '1988-04-13');
insert into osoba (id_osoba, osobni_cislo, jmeno, prijmeni, datum_narozeni) values (182, '5476098240', 'Darwin', 'Vobes', '1982-10-06');
insert into osoba (id_osoba, osobni_cislo, jmeno, prijmeni, datum_narozeni) values (183, '2143684193', 'Gothart', 'Aguirre', '1955-09-23');
insert into osoba (id_osoba, osobni_cislo, jmeno, prijmeni, datum_narozeni) values (184, '9683979955', 'Vern', 'Hailwood', '1973-10-30');
insert into osoba (id_osoba, osobni_cislo, jmeno, prijmeni, datum_narozeni) values (185, '0682716456', 'Karl', 'Eckery', '1983-06-20');
insert into osoba (id_osoba, osobni_cislo, jmeno, prijmeni, datum_narozeni) values (186, '2218284669', 'Vivianna', 'McCurrie', '1952-03-05');
insert into osoba (id_osoba, osobni_cislo, jmeno, prijmeni, datum_narozeni) values (187, '1315336456', 'Christie', 'Ishaki', '1960-12-05');
insert into osoba (id_osoba, osobni_cislo, jmeno, prijmeni, datum_narozeni) values (188, '7250273582', 'Gretta', 'Tocknell', '1970-01-01');
insert into osoba (id_osoba, osobni_cislo, jmeno, prijmeni, datum_narozeni) values (189, '0247197017', 'Letizia', 'Marushak', '1969-08-15');
insert into osoba (id_osoba, osobni_cislo, jmeno, prijmeni, datum_narozeni) values (190, '1825258902', 'Massimo', 'Sambrook', '1991-08-29');
insert into osoba (id_osoba, osobni_cislo, jmeno, prijmeni, datum_narozeni) values (191, '7759876998', 'Vin', 'Vize', '1964-07-24');
insert into osoba (id_osoba, osobni_cislo, jmeno, prijmeni, datum_narozeni) values (192, '0335334954', 'Garrot', 'Reddin', '1985-09-26');
insert into osoba (id_osoba, osobni_cislo, jmeno, prijmeni, datum_narozeni) values (193, '2306139180', 'Cori', 'Trobe', '1962-12-05');
insert into osoba (id_osoba, osobni_cislo, jmeno, prijmeni, datum_narozeni) values (194, '0120661756', 'Franklin', 'Lethley', '1962-09-09');
insert into osoba (id_osoba, osobni_cislo, jmeno, prijmeni, datum_narozeni) values (195, '8728094077', 'Shermie', 'Glossup', '1956-10-21');
insert into osoba (id_osoba, osobni_cislo, jmeno, prijmeni, datum_narozeni) values (196, '5416123095', 'Tod', 'Jays', '1985-11-12');
insert into osoba (id_osoba, osobni_cislo, jmeno, prijmeni, datum_narozeni) values (197, '2420832752', 'Breanne', 'Tosh', '1991-06-23');
insert into osoba (id_osoba, osobni_cislo, jmeno, prijmeni, datum_narozeni) values (198, '0687906482', 'Betteann', 'Mazzeo', '1956-03-05');
insert into osoba (id_osoba, osobni_cislo, jmeno, prijmeni, datum_narozeni) values (199, '8088366984', 'Chicky', 'Waddie', '1963-11-10');
insert into osoba (id_osoba, osobni_cislo, jmeno, prijmeni, datum_narozeni) values (200, '8333876897', 'Kareem', 'Lovel', '1979-03-25');
insert into osoba (id_osoba, osobni_cislo, jmeno, prijmeni, datum_narozeni) values (201, '7563545034', 'Lurleen', 'Abrahams', '1956-07-19');
insert into osoba (id_osoba, osobni_cislo, jmeno, prijmeni, datum_narozeni) values (202, '5513494361', 'Uriah', 'Brockhurst', '1961-02-02');
insert into osoba (id_osoba, osobni_cislo, jmeno, prijmeni, datum_narozeni) values (203, '0551900202', 'Stillmann', 'Fewkes', '1951-04-04');
insert into osoba (id_osoba, osobni_cislo, jmeno, prijmeni, datum_narozeni) values (204, '9445994175', 'Erica', 'Clay', '1971-08-28');
insert into osoba (id_osoba, osobni_cislo, jmeno, prijmeni, datum_narozeni) values (205, '0809485168', 'Laurene', 'Riggulsford', '1968-07-15');
insert into osoba (id_osoba, osobni_cislo, jmeno, prijmeni, datum_narozeni) values (206, '1205984992', 'Darrel', 'Soule', '1977-07-18');
insert into osoba (id_osoba, osobni_cislo, jmeno, prijmeni, datum_narozeni) values (207, '1692939602', 'Florinda', 'Yewman', '1985-10-09');
insert into osoba (id_osoba, osobni_cislo, jmeno, prijmeni, datum_narozeni) values (208, '6623764593', 'Barbabra', 'Pretti', '1969-01-25');
insert into osoba (id_osoba, osobni_cislo, jmeno, prijmeni, datum_narozeni) values (209, '9483697786', 'Tressa', 'Micallef', '1980-10-09');
insert into osoba (id_osoba, osobni_cislo, jmeno, prijmeni, datum_narozeni) values (210, '2991871784', 'Gracia', 'Stillmann', '2000-05-05');
insert into osoba (id_osoba, osobni_cislo, jmeno, prijmeni, datum_narozeni) values (211, '0636120481', 'Joeann', 'Daintree', '1974-04-01');
insert into osoba (id_osoba, osobni_cislo, jmeno, prijmeni, datum_narozeni) values (212, '3172568482', 'Wolfie', 'Anderbrugge', '1966-03-18');
insert into osoba (id_osoba, osobni_cislo, jmeno, prijmeni, datum_narozeni) values (213, '1821791827', 'Betsy', 'Doull', '1960-05-12');
insert into osoba (id_osoba, osobni_cislo, jmeno, prijmeni, datum_narozeni) values (214, '7447944548', 'Farley', 'Templeton', '1978-10-17');
insert into osoba (id_osoba, osobni_cislo, jmeno, prijmeni, datum_narozeni) values (215, '2083899903', 'Cathrine', 'Olech', '2000-08-26');
insert into osoba (id_osoba, osobni_cislo, jmeno, prijmeni, datum_narozeni) values (216, '4660413829', 'Chicky', 'Ravillas', '1951-07-04');
insert into osoba (id_osoba, osobni_cislo, jmeno, prijmeni, datum_narozeni) values (217, '5147795014', 'Brittani', 'Rasor', '1983-12-23');
insert into osoba (id_osoba, osobni_cislo, jmeno, prijmeni, datum_narozeni) values (218, '3344901354', 'Boycie', 'Brownsett', '1999-02-27');
insert into osoba (id_osoba, osobni_cislo, jmeno, prijmeni, datum_narozeni) values (219, '1175535079', 'Lemmy', 'Kurten', '1963-05-18');
insert into osoba (id_osoba, osobni_cislo, jmeno, prijmeni, datum_narozeni) values (220, '3810095397', 'Geraldine', 'Grossier', '1992-12-19');
insert into osoba (id_osoba, osobni_cislo, jmeno, prijmeni, datum_narozeni) values (221, '4753870987', 'Garik', 'Curedale', '1955-08-17');
insert into osoba (id_osoba, osobni_cislo, jmeno, prijmeni, datum_narozeni) values (222, '9622586163', 'Natty', 'Beneix', '1995-06-28');
insert into osoba (id_osoba, osobni_cislo, jmeno, prijmeni, datum_narozeni) values (223, '2322699977', 'Othilia', 'Altamirano', '1999-11-09');
insert into osoba (id_osoba, osobni_cislo, jmeno, prijmeni, datum_narozeni) values (224, '3897008564', 'Lewie', 'Ashington', '1999-12-16');
insert into osoba (id_osoba, osobni_cislo, jmeno, prijmeni, datum_narozeni) values (225, '5047923584', 'Jephthah', 'Angel', '1991-07-14');
insert into osoba (id_osoba, osobni_cislo, jmeno, prijmeni, datum_narozeni) values (226, '0701226056', 'Melonie', 'Whitters', '1981-09-02');
insert into osoba (id_osoba, osobni_cislo, jmeno, prijmeni, datum_narozeni) values (227, '0564889741', 'Saudra', 'Paulich', '1992-11-16');
insert into osoba (id_osoba, osobni_cislo, jmeno, prijmeni, datum_narozeni) values (228, '0430741197', 'April', 'Tofts', '1959-03-03');
insert into osoba (id_osoba, osobni_cislo, jmeno, prijmeni, datum_narozeni) values (229, '7153471111', 'Carlen', 'Swepstone', '1971-05-16');
insert into osoba (id_osoba, osobni_cislo, jmeno, prijmeni, datum_narozeni) values (230, '2078040126', 'Fanni', 'Rydzynski', '1983-04-22');
insert into osoba (id_osoba, osobni_cislo, jmeno, prijmeni, datum_narozeni) values (231, '4760980512', 'Hank', 'Olliffe', '1959-01-26');
insert into osoba (id_osoba, osobni_cislo, jmeno, prijmeni, datum_narozeni) values (232, '2681295637', 'Janie', 'Kinastan', '1957-12-27');
insert into osoba (id_osoba, osobni_cislo, jmeno, prijmeni, datum_narozeni) values (233, '0278640036', 'Dyanna', 'Fishly', '1956-01-21');
insert into osoba (id_osoba, osobni_cislo, jmeno, prijmeni, datum_narozeni) values (234, '5180227895', 'Packston', 'Pedlow', '1990-06-04');
insert into osoba (id_osoba, osobni_cislo, jmeno, prijmeni, datum_narozeni) values (235, '6192242410', 'Marley', 'Gervaise', '1969-06-07');
insert into osoba (id_osoba, osobni_cislo, jmeno, prijmeni, datum_narozeni) values (236, '9286858124', 'Camey', 'Cuttelar', '1969-04-13');
insert into osoba (id_osoba, osobni_cislo, jmeno, prijmeni, datum_narozeni) values (237, '4135880703', 'Orazio', 'Pashley', '1991-02-06');
insert into osoba (id_osoba, osobni_cislo, jmeno, prijmeni, datum_narozeni) values (238, '8185129258', 'Leontyne', 'Lempertz', '1954-01-18');
insert into osoba (id_osoba, osobni_cislo, jmeno, prijmeni, datum_narozeni) values (239, '7532306828', 'Theodora', 'Penhaleurack', '1990-08-10');
insert into osoba (id_osoba, osobni_cislo, jmeno, prijmeni, datum_narozeni) values (240, '9310336412', 'Gal', 'Kentish', '1954-05-12');
insert into osoba (id_osoba, osobni_cislo, jmeno, prijmeni, datum_narozeni) values (241, '4044996385', 'Nikita', 'Kures', '1994-12-15');
insert into osoba (id_osoba, osobni_cislo, jmeno, prijmeni, datum_narozeni) values (242, '1608972852', 'Liza', 'Canny', '1986-05-01');
insert into osoba (id_osoba, osobni_cislo, jmeno, prijmeni, datum_narozeni) values (243, '5808617839', 'Frankie', 'Strathe', '1976-07-01');
insert into osoba (id_osoba, osobni_cislo, jmeno, prijmeni, datum_narozeni) values (244, '7710033989', 'Arleyne', 'Dallimare', '1992-01-27');
insert into osoba (id_osoba, osobni_cislo, jmeno, prijmeni, datum_narozeni) values (245, '7113352189', 'Cullen', 'Pelos', '1976-09-07');
insert into osoba (id_osoba, osobni_cislo, jmeno, prijmeni, datum_narozeni) values (246, '0967787882', 'Allissa', 'Brouard', '1991-04-14');
insert into osoba (id_osoba, osobni_cislo, jmeno, prijmeni, datum_narozeni) values (247, '2560308665', 'Orelie', 'Obert', '1962-01-09');
insert into osoba (id_osoba, osobni_cislo, jmeno, prijmeni, datum_narozeni) values (248, '0373963033', 'Winnah', 'Alenin', '1953-07-07');
insert into osoba (id_osoba, osobni_cislo, jmeno, prijmeni, datum_narozeni) values (249, '2425557024', 'Fleur', 'Saer', '1973-04-01');
insert into osoba (id_osoba, osobni_cislo, jmeno, prijmeni, datum_narozeni) values (250, '1144353149', 'Julita', 'Cardoo', '2000-06-18');

insert into stat(id_stat, nazev) values (1, 'Czech Republic');
insert into stat(id_stat, nazev) values (2, 'Kazakhstan');
insert into stat(id_stat, nazev) values (3, 'Ukraine');
insert into stat(id_stat, nazev) values (4, 'Russia');
insert into stat(id_stat, nazev) values (5, 'Slovakia');
insert into stat(id_stat, nazev) values (6, 'USA');
insert into stat(id_stat, nazev) values (7, 'Belarus');

insert into adresa (id_adresa, id_stat, ulice, cislo_domu, mesto, pos) values (1, 3, 'Harper', '019', 'Kyiv', 48636);
insert into adresa (id_adresa, id_stat, ulice, cislo_domu, mesto, pos) values (2, 7, 'Prentice', '1516', 'Minsk', 79907);
insert into adresa (id_adresa, id_stat, ulice, cislo_domu, mesto, pos) values (3, 2, 'Reindahl', '5', 'Astana', 88240);
insert into adresa (id_adresa, id_stat, ulice, cislo_domu, mesto, pos) values (4, 2, 'Karstens', '37', 'Astana', 22592);
insert into adresa (id_adresa, id_stat, ulice, cislo_domu, mesto, pos) values (5, 3, 'Kings', '8325', 'Kyiv', 32822);
insert into adresa (id_adresa, id_stat, ulice, cislo_domu, mesto, pos) values (6, 1, 'Ilene', '386', 'Praha', 99444);
insert into adresa (id_adresa, id_stat, ulice, cislo_domu, mesto, pos) values (7, 2, '3rd', '551', 'Almaty', 21816);
insert into adresa (id_adresa, id_stat, ulice, cislo_domu, mesto, pos) values (8, 3, 'Butterfield', '08928', 'Kyiv', 72723);
insert into adresa (id_adresa, id_stat, ulice, cislo_domu, mesto, pos) values (9, 3, 'Graceland', '9530', 'Kyiv', 89530);
insert into adresa (id_adresa, id_stat, ulice, cislo_domu, mesto, pos) values (10, 1, 'Melby', '0', 'Praha', 24569);
insert into adresa (id_adresa, id_stat, ulice, cislo_domu, mesto, pos) values (11, 4, 'Waubesa', '97', 'Moscow', 90468);
insert into adresa (id_adresa, id_stat, ulice, cislo_domu, mesto, pos) values (12, 5, 'Goodland', '066', 'Bratislava', 39010);
insert into adresa (id_adresa, id_stat, ulice, cislo_domu, mesto, pos) values (13, 4, 'Burning Wood', '98', 'Moscow', 71476);
insert into adresa (id_adresa, id_stat, ulice, cislo_domu, mesto, pos) values (14, 5, 'Grover', '3', 'Bratislava', 61566);
insert into adresa (id_adresa, id_stat, ulice, cislo_domu, mesto, pos) values (15, 2, 'Browning', '8918', 'Astana', 47693);
insert into adresa (id_adresa, id_stat, ulice, cislo_domu, mesto, pos) values (16, 5, 'Delaware', '5', 'Bratislava', 62325);
insert into adresa (id_adresa, id_stat, ulice, cislo_domu, mesto, pos) values (17, 3, 'Union', '8848', 'Kyiv', 37883);
insert into adresa (id_adresa, id_stat, ulice, cislo_domu, mesto, pos) values (18, 7, 'Nelson', '80650', 'Minsk', 84826);
insert into adresa (id_adresa, id_stat, ulice, cislo_domu, mesto, pos) values (19, 1, 'Susan', '107', 'Praha', 36545);
insert into adresa (id_adresa, id_stat, ulice, cislo_domu, mesto, pos) values (20, 6, 'Menomonie', '436', 'Washington D.C', 30429);
insert into adresa (id_adresa, id_stat, ulice, cislo_domu, mesto, pos) values (21, 1, 'Johnson', '3', 'Brno', 54347);
insert into adresa (id_adresa, id_stat, ulice, cislo_domu, mesto, pos) values (22, 5, 'Burrows', '3', 'Bratislava', 99376);
insert into adresa (id_adresa, id_stat, ulice, cislo_domu, mesto, pos) values (23, 7, 'Orin', '6', 'Minsk', 51070);
insert into adresa (id_adresa, id_stat, ulice, cislo_domu, mesto, pos) values (24, 5, 'Warbler', '42', 'Bratislava', 36678);
insert into adresa (id_adresa, id_stat, ulice, cislo_domu, mesto, pos) values (25, 1, 'Fair Oaks', '30', 'Brno', 40806);
insert into adresa (id_adresa, id_stat, ulice, cislo_domu, mesto, pos) values (26, 3, 'Karstens', '267', 'Kyiv', 99750);
insert into adresa (id_adresa, id_stat, ulice, cislo_domu, mesto, pos) values (27, 5, 'Holy Cross', '0011', 'Bratislava', 94701);
insert into adresa (id_adresa, id_stat, ulice, cislo_domu, mesto, pos) values (28, 3, 'Barby', '9031', 'Kyiv', 23311);
insert into adresa (id_adresa, id_stat, ulice, cislo_domu, mesto, pos) values (29, 2, 'Kennedy', '072', 'Astana', 55952);
insert into adresa (id_adresa, id_stat, ulice, cislo_domu, mesto, pos) values (30, 7, 'Sheridan', '657', 'Minsk', 32685);
insert into adresa (id_adresa, id_stat, ulice, cislo_domu, mesto, pos) values (31, 2, 'Fairview', '444', 'Astana', 88731);
insert into adresa (id_adresa, id_stat, ulice, cislo_domu, mesto, pos) values (32, 6, 'Oak Valley', '83799', 'New-York', 91347);
insert into adresa (id_adresa, id_stat, ulice, cislo_domu, mesto, pos) values (33, 6, 'Lerdahl', '080', 'Washington D.C', 26852);
insert into adresa (id_adresa, id_stat, ulice, cislo_domu, mesto, pos) values (34, 2, 'Carey', '62', 'Almaty', 16640);
insert into adresa (id_adresa, id_stat, ulice, cislo_domu, mesto, pos) values (35, 6, 'Thompson', '5', 'Washington D.C', 90785);
insert into adresa (id_adresa, id_stat, ulice, cislo_domu, mesto, pos) values (36, 2, 'Summer Ridge', '160', 'Almaty', 69661);
insert into adresa (id_adresa, id_stat, ulice, cislo_domu, mesto, pos) values (37, 4, 'Superior', '8346', 'Moscow', 10191);
insert into adresa (id_adresa, id_stat, ulice, cislo_domu, mesto, pos) values (38, 6, 'Carioca', '708', 'New-York', 97100);
insert into adresa (id_adresa, id_stat, ulice, cislo_domu, mesto, pos) values (39, 7, 'Fallview', '42425', 'Minsk', 30029);
insert into adresa (id_adresa, id_stat, ulice, cislo_domu, mesto, pos) values (40, 7, 'Anniversary', '35761', 'Minsk', 92173);
insert into adresa (id_adresa, id_stat, ulice, cislo_domu, mesto, pos) values (41, 2, 'Bunting', '30', 'Astana', 33253);
insert into adresa (id_adresa, id_stat, ulice, cislo_domu, mesto, pos) values (42, 2, 'Beilfuss', '85', 'Astana', 59435);
insert into adresa (id_adresa, id_stat, ulice, cislo_domu, mesto, pos) values (43, 3, 'West', '2', 'Kyiv', 72972);
insert into adresa (id_adresa, id_stat, ulice, cislo_domu, mesto, pos) values (44, 5, 'Trailsway', '40', 'Bratislava', 87329);
insert into adresa (id_adresa, id_stat, ulice, cislo_domu, mesto, pos) values (45, 5, 'Dennis', '28', 'Bratislava', 35326);
insert into adresa (id_adresa, id_stat, ulice, cislo_domu, mesto, pos) values (46, 5, 'Fieldstone', '163', 'Bratislava', 67581);
insert into adresa (id_adresa, id_stat, ulice, cislo_domu, mesto, pos) values (47, 4, 'Lake View', '727', 'Moscow', 29067);
insert into adresa (id_adresa, id_stat, ulice, cislo_domu, mesto, pos) values (48, 5, 'Mendota', '38', 'Bratislava', 43844);
insert into adresa (id_adresa, id_stat, ulice, cislo_domu, mesto, pos) values (49, 1, 'Sundown', '41243', 'Brno', 39389);
insert into adresa (id_adresa, id_stat, ulice, cislo_domu, mesto, pos) values (50, 5, 'Banding', '6905', 'Bratislava', 73079);
insert into adresa (id_adresa, id_stat, ulice, cislo_domu, mesto, pos) values (51, 3, 'Petterle', '9470', 'Kyiv', 83601);
insert into adresa (id_adresa, id_stat, ulice, cislo_domu, mesto, pos) values (52, 4, 'Rockefeller', '406', 'Moscow', 52818);
insert into adresa (id_adresa, id_stat, ulice, cislo_domu, mesto, pos) values (53, 4, 'Ridgeway', '84', 'Moscow', 55968);
insert into adresa (id_adresa, id_stat, ulice, cislo_domu, mesto, pos) values (54, 1, 'Sachs', '6797', 'Praha', 81197);
insert into adresa (id_adresa, id_stat, ulice, cislo_domu, mesto, pos) values (55, 1, 'Chive', '574', 'Brno', 88478);
insert into adresa (id_adresa, id_stat, ulice, cislo_domu, mesto, pos) values (56, 7, 'Vera', '3993', 'Minsk', 92987);
insert into adresa (id_adresa, id_stat, ulice, cislo_domu, mesto, pos) values (57, 6, 'Drewry', '314', 'Washington D.C', 24187);
insert into adresa (id_adresa, id_stat, ulice, cislo_domu, mesto, pos) values (58, 3, 'Fremont', '919', 'Kyiv', 65007);
insert into adresa (id_adresa, id_stat, ulice, cislo_domu, mesto, pos) values (59, 7, 'Dwight', '4', 'Minsk', 73105);
insert into adresa (id_adresa, id_stat, ulice, cislo_domu, mesto, pos) values (60, 3, 'Village', '0721', 'Kyiv', 52844);
insert into adresa (id_adresa, id_stat, ulice, cislo_domu, mesto, pos) values (61, 4, 'Hoard', '74501', 'Moscow', 45717);
insert into adresa (id_adresa, id_stat, ulice, cislo_domu, mesto, pos) values (62, 6, 'Morrow', '08', 'Washington D.C', 16012);
insert into adresa (id_adresa, id_stat, ulice, cislo_domu, mesto, pos) values (63, 2, 'Northview', '26387', 'Astana', 11665);
insert into adresa (id_adresa, id_stat, ulice, cislo_domu, mesto, pos) values (64, 6, 'Paget', '2437', 'New-York', 14284);
insert into adresa (id_adresa, id_stat, ulice, cislo_domu, mesto, pos) values (65, 5, 'Brentwood', '0807', 'Bratislava', 22475);
insert into adresa (id_adresa, id_stat, ulice, cislo_domu, mesto, pos) values (66, 4, 'Lakeland', '406', 'Moscow', 24919);
insert into adresa (id_adresa, id_stat, ulice, cislo_domu, mesto, pos) values (67, 7, 'Lindbergh', '3', 'Minsk', 53784);
insert into adresa (id_adresa, id_stat, ulice, cislo_domu, mesto, pos) values (68, 4, 'Porter', '89', 'Moscow', 81522);
insert into adresa (id_adresa, id_stat, ulice, cislo_domu, mesto, pos) values (69, 6, 'Anhalt', '2', 'Washington D.C', 36623);
insert into adresa (id_adresa, id_stat, ulice, cislo_domu, mesto, pos) values (70, 2, 'Myrtle', '6', 'Almaty', 36198);
insert into adresa (id_adresa, id_stat, ulice, cislo_domu, mesto, pos) values (71, 1, 'Quincy', '39', 'Brno', 54310);
insert into adresa (id_adresa, id_stat, ulice, cislo_domu, mesto, pos) values (72, 6, 'Jana', '10', 'New-York', 34762);
insert into adresa (id_adresa, id_stat, ulice, cislo_domu, mesto, pos) values (73, 1, 'Heffernan', '268', 'Praha', 12971);
insert into adresa (id_adresa, id_stat, ulice, cislo_domu, mesto, pos) values (74, 1, 'Hoffman', '2241', 'Brno', 12885);
insert into adresa (id_adresa, id_stat, ulice, cislo_domu, mesto, pos) values (75, 5, 'Sage', '1', 'Bratislava', 66847);
insert into adresa (id_adresa, id_stat, ulice, cislo_domu, mesto, pos) values (76, 3, 'Alpine', '52', 'Kyiv', 72519);
insert into adresa (id_adresa, id_stat, ulice, cislo_domu, mesto, pos) values (77, 4, 'Quincy', '66536', 'Moscow', 97681);
insert into adresa (id_adresa, id_stat, ulice, cislo_domu, mesto, pos) values (78, 5, 'Summerview', '24', 'Bratislava', 37094);
insert into adresa (id_adresa, id_stat, ulice, cislo_domu, mesto, pos) values (79, 5, 'Acker', '8', 'Bratislava', 84964);
insert into adresa (id_adresa, id_stat, ulice, cislo_domu, mesto, pos) values (80, 3, 'Forest Dale', '50', 'Kyiv', 90148);
insert into adresa (id_adresa, id_stat, ulice, cislo_domu, mesto, pos) values (81, 4, 'Dawn', '413', 'Moscow', 26552);
insert into adresa (id_adresa, id_stat, ulice, cislo_domu, mesto, pos) values (82, 3, 'Lukken', '3', 'Kyiv', 99845);
insert into adresa (id_adresa, id_stat, ulice, cislo_domu, mesto, pos) values (83, 4, 'Marcy', '81348', 'Moscow', 90757);
insert into adresa (id_adresa, id_stat, ulice, cislo_domu, mesto, pos) values (84, 1, 'Main', '1370', 'Brno', 50515);
insert into adresa (id_adresa, id_stat, ulice, cislo_domu, mesto, pos) values (85, 7, 'Cascade', '527', 'Minsk', 88491);
insert into adresa (id_adresa, id_stat, ulice, cislo_domu, mesto, pos) values (86, 6, 'Mesta', '19643', 'New-York', 18855);
insert into adresa (id_adresa, id_stat, ulice, cislo_domu, mesto, pos) values (87, 6, 'Haas', '3', 'Washington D.C', 75640);
insert into adresa (id_adresa, id_stat, ulice, cislo_domu, mesto, pos) values (88, 6, 'Hermina', '54994', 'New-York', 72661);
insert into adresa (id_adresa, id_stat, ulice, cislo_domu, mesto, pos) values (89, 2, 'Mayfield', '074', 'Astana', 50080);
insert into adresa (id_adresa, id_stat, ulice, cislo_domu, mesto, pos) values (90, 7, 'Clyde Gallagher', '1467', 'Minsk', 89017);
insert into adresa (id_adresa, id_stat, ulice, cislo_domu, mesto, pos) values (91, 1, 'Schurz', '31659', 'Brno', 28049);
insert into adresa (id_adresa, id_stat, ulice, cislo_domu, mesto, pos) values (92, 2, 'Springview', '68', 'Astana', 81132);
insert into adresa (id_adresa, id_stat, ulice, cislo_domu, mesto, pos) values (93, 3, 'Leroy', '55040', 'Kyiv', 99461);
insert into adresa (id_adresa, id_stat, ulice, cislo_domu, mesto, pos) values (94, 7, 'Granby', '547', 'Minsk', 85339);
insert into adresa (id_adresa, id_stat, ulice, cislo_domu, mesto, pos) values (95, 4, 'Mosinee', '8899', 'Moscow', 96685);
insert into adresa (id_adresa, id_stat, ulice, cislo_domu, mesto, pos) values (96, 7, 'Texas', '92', 'Minsk', 10024);
insert into adresa (id_adresa, id_stat, ulice, cislo_domu, mesto, pos) values (97, 1, 'Manley', '2531', 'Praha', 44572);
insert into adresa (id_adresa, id_stat, ulice, cislo_domu, mesto, pos) values (98, 7, 'Eggendart', '5', 'Minsk', 71729);
insert into adresa (id_adresa, id_stat, ulice, cislo_domu, mesto, pos) values (99, 2, 'Oneill', '70460', 'Almaty', 19856);
insert into adresa (id_adresa, id_stat, ulice, cislo_domu, mesto, pos) values (100, 6, 'Carioca', '85609', 'New-York', 39012);

insert into firma(id_firma, nazev) values (1, 'Zreality.Czech Republic');
insert into firma(id_firma, nazev) values (2, 'Zreality.Kazakhstan');
insert into firma(id_firma, nazev) values (3, 'Zreality.Ukraine');
insert into firma(id_firma, nazev) values (4, 'Zreality.Russia');
insert into firma(id_firma, nazev) values (5, 'Zreality.Slovakia');
insert into firma(id_firma, nazev) values (6, 'Zreality.USA');
insert into firma(id_firma, nazev) values (7, 'Zreality.Belarus');

insert into vlastnik (id_osoba) values (1);
insert into vlastnik (id_osoba) values (2);
insert into vlastnik (id_osoba) values (3);
insert into vlastnik (id_osoba) values (4);
insert into vlastnik (id_osoba) values (5);
insert into vlastnik (id_osoba) values (6);
insert into vlastnik (id_osoba) values (7);
insert into vlastnik (id_osoba) values (8);
insert into vlastnik (id_osoba) values (9);
insert into vlastnik (id_osoba) values (10);
insert into vlastnik (id_osoba) values (11);
insert into vlastnik (id_osoba) values (12);
insert into vlastnik (id_osoba) values (13);
insert into vlastnik (id_osoba) values (14);
insert into vlastnik (id_osoba) values (15);
insert into vlastnik (id_osoba) values (16);
insert into vlastnik (id_osoba) values (17);
insert into vlastnik (id_osoba) values (18);
insert into vlastnik (id_osoba) values (19);
insert into vlastnik (id_osoba) values (20);
insert into vlastnik (id_osoba) values (21);
insert into vlastnik (id_osoba) values (22);
insert into vlastnik (id_osoba) values (23);
insert into vlastnik (id_osoba) values (24);
insert into vlastnik (id_osoba) values (25);
insert into vlastnik (id_osoba) values (26);
insert into vlastnik (id_osoba) values (27);
insert into vlastnik (id_osoba) values (28);
insert into vlastnik (id_osoba) values (29);
insert into vlastnik (id_osoba) values (30);
insert into vlastnik (id_osoba) values (31);
insert into vlastnik (id_osoba) values (32);
insert into vlastnik (id_osoba) values (33);
insert into vlastnik (id_osoba) values (34);
insert into vlastnik (id_osoba) values (35);
insert into vlastnik (id_osoba) values (36);
insert into vlastnik (id_osoba) values (37);
insert into vlastnik (id_osoba) values (38);
insert into vlastnik (id_osoba) values (39);
insert into vlastnik (id_osoba) values (40);
insert into vlastnik (id_osoba) values (41);
insert into vlastnik (id_osoba) values (42);
insert into vlastnik (id_osoba) values (43);
insert into vlastnik (id_osoba) values (44);
insert into vlastnik (id_osoba) values (45);
insert into vlastnik (id_osoba) values (46);
insert into vlastnik (id_osoba) values (47);
insert into vlastnik (id_osoba) values (48);
insert into vlastnik (id_osoba) values (49);
insert into vlastnik (id_osoba) values (50);
insert into vlastnik (id_osoba) values (51);
insert into vlastnik (id_osoba) values (52);
insert into vlastnik (id_osoba) values (53);
insert into vlastnik (id_osoba) values (54);
insert into vlastnik (id_osoba) values (55);
insert into vlastnik (id_osoba) values (56);
insert into vlastnik (id_osoba) values (57);
insert into vlastnik (id_osoba) values (58);
insert into vlastnik (id_osoba) values (59);
insert into vlastnik (id_osoba) values (60);
insert into vlastnik (id_osoba) values (61);
insert into vlastnik (id_osoba) values (62);
insert into vlastnik (id_osoba) values (63);
insert into vlastnik (id_osoba) values (64);
insert into vlastnik (id_osoba) values (65);
insert into vlastnik (id_osoba) values (66);
insert into vlastnik (id_osoba) values (67);
insert into vlastnik (id_osoba) values (68);
insert into vlastnik (id_osoba) values (69);
insert into vlastnik (id_osoba) values (70);
insert into vlastnik (id_osoba) values (71);
insert into vlastnik (id_osoba) values (72);
insert into vlastnik (id_osoba) values (73);
insert into vlastnik (id_osoba) values (74);
insert into vlastnik (id_osoba) values (75);
insert into vlastnik (id_osoba) values (76);
insert into vlastnik (id_osoba) values (77);
insert into vlastnik (id_osoba) values (78);
insert into vlastnik (id_osoba) values (79);
insert into vlastnik (id_osoba) values (80);
insert into vlastnik (id_osoba) values (81);
insert into vlastnik (id_osoba) values (82);
insert into vlastnik (id_osoba) values (83);
insert into vlastnik (id_osoba) values (84);
insert into vlastnik (id_osoba) values (85);
insert into vlastnik (id_osoba) values (86);
insert into vlastnik (id_osoba) values (87);
insert into vlastnik (id_osoba) values (88);
insert into vlastnik (id_osoba) values (89);
insert into vlastnik (id_osoba) values (90);
insert into vlastnik (id_osoba) values (91);
insert into vlastnik (id_osoba) values (92);
insert into vlastnik (id_osoba) values (93);
insert into vlastnik (id_osoba) values (94);
insert into vlastnik (id_osoba) values (95);
insert into vlastnik (id_osoba) values (96);
insert into vlastnik (id_osoba) values (97);
insert into vlastnik (id_osoba) values (98);
insert into vlastnik (id_osoba) values (99);
insert into vlastnik (id_osoba) values (100);

insert into najemce (id_osoba, trvale_bydliste, plat, kde_pracuje) values (101, 'Prague Freyova 234/3', '150 000Kc', 'IStyle');
insert into najemce (id_osoba, trvale_bydliste, plat, kde_pracuje) values (102, 'Minsk Sovetskaya 23', '17 500Kc', 'Police');
insert into najemce (id_osoba, trvale_bydliste, plat, kde_pracuje) values (103, 'Brno Zizkova 53', '40 000Kc', 'Boohouse');
insert into najemce (id_osoba, trvale_bydliste, plat, kde_pracuje) values (104, 'Washington Obama 748/46', '24 000Kc', 'Tesla');
insert into najemce (id_osoba, trvale_bydliste, plat, kde_pracuje) values (105, 'Moscow Lenina 36', '15 000Kc', 'Wolframe');
insert into najemce (id_osoba, trvale_bydliste, plat, kde_pracuje) values (106, 'New York Hell Kichen street 34', '24 000Kc', 'Wolframe');
insert into najemce (id_osoba, plat, kde_pracuje) values (107, '100 000Kc', 'Apple');
insert into najemce (id_osoba, plat, kde_pracuje) values (108, '15 000Kc', 'Tesla');
insert into najemce (id_osoba, plat, kde_pracuje) values (109, '17 500Kc', 'Tesla');
insert into najemce (id_osoba, plat, kde_pracuje) values (110, '40 000Kc', 'Police');
insert into najemce (id_osoba, plat, kde_pracuje) values (111, '24 000Kc', 'Tesla');
insert into najemce (id_osoba, plat, kde_pracuje) values (112, '200 000Kc', 'Apple');
insert into najemce (id_osoba, plat, kde_pracuje) values (113, '72 000Kc', 'Apple');
insert into najemce (id_osoba, plat, kde_pracuje) values (114, '17 500Kc', 'Pilsner');
insert into najemce (id_osoba, plat, kde_pracuje) values (115, '50 000Kc', 'IStyle');
insert into najemce (id_osoba, plat, kde_pracuje) values (116, '17 500Kc', 'Oracle');
insert into najemce (id_osoba, plat, kde_pracuje) values (117, '15 000Kc', 'Relay');
insert into najemce (id_osoba, plat, kde_pracuje) values (118, '24 000Kc', 'Starbaks');
insert into najemce (id_osoba, plat, kde_pracuje) values (119, '50 000Kc', 'Sony');
insert into najemce (id_osoba, plat, kde_pracuje) values (120, '24 000Kc', 'IStyle');
insert into najemce (id_osoba, plat, kde_pracuje) values (121, '24 000Kc', 'Ministerstvo Vnitra');
insert into najemce (id_osoba, plat, kde_pracuje) values (122, '17 500Kc', 'Wolframe');
insert into najemce (id_osoba, plat, kde_pracuje) values (123, '150 000Kc', 'Relay');
insert into najemce (id_osoba, plat, kde_pracuje) values (124, '15 000Kc', 'Avast');
insert into najemce (id_osoba, plat, kde_pracuje) values (125, '50 000Kc', 'Wolframe');
insert into najemce (id_osoba, plat, kde_pracuje) values (126, '24 000Kc', 'Pilsner');
insert into najemce (id_osoba, plat, kde_pracuje) values (127, '200 000Kc', 'Oracle');
insert into najemce (id_osoba, plat, kde_pracuje) values (128, '72 000Kc', 'Oracle');
insert into najemce (id_osoba, plat, kde_pracuje) values (129, '32 000Kc', 'Tesla');
insert into najemce (id_osoba, plat, kde_pracuje) values (130, '150 000Kc', 'Skoda');
insert into najemce (id_osoba, plat, kde_pracuje) values (131, '50 000Kc', 'Ministerstvo Vnitra');
insert into najemce (id_osoba, plat, kde_pracuje) values (132, '24 000Kc', 'Skoda');
insert into najemce (id_osoba, plat, kde_pracuje) values (133, '17 500Kc', 'IStyle');
insert into najemce (id_osoba, plat, kde_pracuje) values (134, '15 000Kc', 'Skoda');
insert into najemce (id_osoba, plat, kde_pracuje) values (135, '150 000Kc', 'Avast');
insert into najemce (id_osoba, plat, kde_pracuje) values (136, '100 000Kc', 'IStyle');
insert into najemce (id_osoba, plat, kde_pracuje) values (137, '150 000Kc', 'Avast');
insert into najemce (id_osoba, plat, kde_pracuje) values (138, '100 000Kc', 'IStyle');
insert into najemce (id_osoba, plat, kde_pracuje) values (139, '200 000Kc', 'Oracle');
insert into najemce (id_osoba, plat, kde_pracuje) values (140, '32 000Kc', 'Kaspersky');
insert into najemce (id_osoba, plat, kde_pracuje) values (141, '24 000Kc', 'Skoda');
insert into najemce (id_osoba, plat, kde_pracuje) values (142, '100 000Kc', 'KFC');
insert into najemce (id_osoba, plat, kde_pracuje) values (143, '150 000Kc', 'Relay');
insert into najemce (id_osoba, plat, kde_pracuje) values (144, '100 000Kc', 'Avast');
insert into najemce (id_osoba, plat, kde_pracuje) values (145, '150 000Kc', 'Police');
insert into najemce (id_osoba, plat, kde_pracuje) values (146, '100 000Kc', 'Tesla');
insert into najemce (id_osoba, plat, kde_pracuje) values (147, '50 000Kc', 'Oracle');
insert into najemce (id_osoba, plat, kde_pracuje) values (148, '24 000Kc', 'Kaspersky');
insert into najemce (id_osoba, plat, kde_pracuje) values (149, '40 000Kc', 'Oracle');
insert into najemce (id_osoba, plat, kde_pracuje) values (150, '200 000Kc', 'Oracle');
insert into najemce (id_osoba) values (151);
insert into najemce (id_osoba) values (152);
insert into najemce (id_osoba) values (153);
insert into najemce (id_osoba) values (154);
insert into najemce (id_osoba) values (155);
insert into najemce (id_osoba) values (156);
insert into najemce (id_osoba) values (157);
insert into najemce (id_osoba) values (158);
insert into najemce (id_osoba) values (159);
insert into najemce (id_osoba) values (160);
insert into najemce (id_osoba) values (161);
insert into najemce (id_osoba) values (162);
insert into najemce (id_osoba) values (163);
insert into najemce (id_osoba) values (164);
insert into najemce (id_osoba) values (165);
insert into najemce (id_osoba) values (166);
insert into najemce (id_osoba) values (167);
insert into najemce (id_osoba) values (168);
insert into najemce (id_osoba) values (169);
insert into najemce (id_osoba) values (170);
insert into najemce (id_osoba) values (171);
insert into najemce (id_osoba) values (172);
insert into najemce (id_osoba) values (173);
insert into najemce (id_osoba) values (174);
insert into najemce (id_osoba) values (175);
insert into najemce (id_osoba) values (176);
insert into najemce (id_osoba) values (177);
insert into najemce (id_osoba) values (178);
insert into najemce (id_osoba) values (179);
insert into najemce (id_osoba) values (180);
insert into najemce (id_osoba) values (181);
insert into najemce (id_osoba) values (182);
insert into najemce (id_osoba) values (183);
insert into najemce (id_osoba) values (184);
insert into najemce (id_osoba) values (185);
insert into najemce (id_osoba) values (186);
insert into najemce (id_osoba) values (187);
insert into najemce (id_osoba) values (188);
insert into najemce (id_osoba) values (189);
insert into najemce (id_osoba) values (190);
insert into najemce (id_osoba) values (191);
insert into najemce (id_osoba) values (192);
insert into najemce (id_osoba) values (193);
insert into najemce (id_osoba) values (194);
insert into najemce (id_osoba) values (195);
insert into najemce (id_osoba) values (196);
insert into najemce (id_osoba) values (197);
insert into najemce (id_osoba) values (198);
insert into najemce (id_osoba) values (199);
insert into najemce (id_osoba) values (200);

insert into zamestnanec (id_osoba, id_firma) values (201, 3);
insert into zamestnanec (id_osoba, id_firma) values (202, 2);
insert into zamestnanec (id_osoba, id_firma) values (203, 3);
insert into zamestnanec (id_osoba, id_firma) values (204, 4);
insert into zamestnanec (id_osoba, id_firma) values (205, 1);
insert into zamestnanec (id_osoba, id_firma) values (206, 2);
insert into zamestnanec (id_osoba, id_firma) values (207, 4);
insert into zamestnanec (id_osoba, id_firma) values (208, 5);
insert into zamestnanec (id_osoba, id_firma) values (209, 6);
insert into zamestnanec (id_osoba, id_firma) values (210, 5);
insert into zamestnanec (id_osoba, id_firma) values (211, 5);
insert into zamestnanec (id_osoba, id_firma) values (212, 6);
insert into zamestnanec (id_osoba, id_firma) values (213, 5);
insert into zamestnanec (id_osoba, id_firma) values (214, 5);
insert into zamestnanec (id_osoba, id_firma) values (215, 1);
insert into zamestnanec (id_osoba, id_firma) values (216, 6);
insert into zamestnanec (id_osoba, id_firma) values (217, 6);
insert into zamestnanec (id_osoba, id_firma) values (218, 2);
insert into zamestnanec (id_osoba, id_firma) values (219, 4);
insert into zamestnanec (id_osoba, id_firma) values (220, 7);
insert into zamestnanec (id_osoba, id_firma) values (221, 1);
insert into zamestnanec (id_osoba, id_firma) values (222, 1);
insert into zamestnanec (id_osoba, id_firma) values (223, 1);
insert into zamestnanec (id_osoba, id_firma) values (224, 2);
insert into zamestnanec (id_osoba, id_firma) values (225, 4);
insert into zamestnanec (id_osoba, id_firma) values (226, 3);
insert into zamestnanec (id_osoba, id_firma) values (227, 3);
insert into zamestnanec (id_osoba, id_firma) values (228, 6);
insert into zamestnanec (id_osoba, id_firma) values (229, 2);
insert into zamestnanec (id_osoba, id_firma) values (230, 4);
insert into zamestnanec (id_osoba, id_firma) values (231, 4);
insert into zamestnanec (id_osoba, id_firma) values (232, 1);
insert into zamestnanec (id_osoba, id_firma) values (233, 6);
insert into zamestnanec (id_osoba, id_firma) values (234, 1);
insert into zamestnanec (id_osoba, id_firma) values (235, 3);
insert into zamestnanec (id_osoba, id_firma) values (236, 7);
insert into zamestnanec (id_osoba, id_firma) values (237, 4);
insert into zamestnanec (id_osoba, id_firma) values (238, 3);
insert into zamestnanec (id_osoba, id_firma) values (239, 3);
insert into zamestnanec (id_osoba, id_firma) values (240, 2);
insert into zamestnanec (id_osoba, id_firma) values (241, 7);
insert into zamestnanec (id_osoba, id_firma) values (242, 5);
insert into zamestnanec (id_osoba, id_firma) values (243, 7);
insert into zamestnanec (id_osoba, id_firma) values (244, 5);
insert into zamestnanec (id_osoba, id_firma) values (245, 4);
insert into zamestnanec (id_osoba, id_firma) values (246, 6);
insert into zamestnanec (id_osoba, id_firma) values (247, 7);
insert into zamestnanec (id_osoba, id_firma) values (248, 3);
insert into zamestnanec (id_osoba, id_firma) values (249, 4);
insert into zamestnanec (id_osoba, id_firma) values (250, 5);

insert into smlouva_firma_najemce (id_smlouva_firma_najemce, id_osoba, id_firma, datum_podepsani) values (1, 139, 4, '2020-09-01');
insert into smlouva_firma_najemce (id_smlouva_firma_najemce, id_osoba, id_firma, datum_podepsani) values (2, 146, 1, '2021-12-07');
insert into smlouva_firma_najemce (id_smlouva_firma_najemce, id_osoba, id_firma, datum_podepsani) values (3, 115, 1, '2020-06-16');
insert into smlouva_firma_najemce (id_smlouva_firma_najemce, id_osoba, id_firma, datum_podepsani) values (4, 160, 6, '2022-03-20');
insert into smlouva_firma_najemce (id_smlouva_firma_najemce, id_osoba, id_firma, datum_podepsani) values (5, 169, 7, '2020-12-19');
insert into smlouva_firma_najemce (id_smlouva_firma_najemce, id_osoba, id_firma, datum_podepsani) values (6, 128, 3, '2021-01-05');
insert into smlouva_firma_najemce (id_smlouva_firma_najemce, id_osoba, id_firma, datum_podepsani) values (7, 194, 1, '2020-05-03');
insert into smlouva_firma_najemce (id_smlouva_firma_najemce, id_osoba, id_firma, datum_podepsani) values (8, 140, 3, '2022-03-23');
insert into smlouva_firma_najemce (id_smlouva_firma_najemce, id_osoba, id_firma, datum_podepsani) values (9, 175, 5, '2022-01-02');
insert into smlouva_firma_najemce (id_smlouva_firma_najemce, id_osoba, id_firma, datum_podepsani) values (10, 194, 6, '2022-01-06');
insert into smlouva_firma_najemce (id_smlouva_firma_najemce, id_osoba, id_firma, datum_podepsani) values (11, 121, 4, '2020-07-02');
insert into smlouva_firma_najemce (id_smlouva_firma_najemce, id_osoba, id_firma, datum_podepsani) values (12, 113, 3, '2021-10-01');
insert into smlouva_firma_najemce (id_smlouva_firma_najemce, id_osoba, id_firma, datum_podepsani) values (13, 104, 4, '2022-04-27');
insert into smlouva_firma_najemce (id_smlouva_firma_najemce, id_osoba, id_firma, datum_podepsani) values (14, 171, 7, '2022-03-12');
insert into smlouva_firma_najemce (id_smlouva_firma_najemce, id_osoba, id_firma, datum_podepsani) values (15, 184, 5, '2021-07-13');
insert into smlouva_firma_najemce (id_smlouva_firma_najemce, id_osoba, id_firma, datum_podepsani) values (16, 104, 2, '2020-12-08');
insert into smlouva_firma_najemce (id_smlouva_firma_najemce, id_osoba, id_firma, datum_podepsani) values (17, 174, 3, '2022-02-21');
insert into smlouva_firma_najemce (id_smlouva_firma_najemce, id_osoba, id_firma, datum_podepsani) values (18, 128, 7, '2021-02-09');
insert into smlouva_firma_najemce (id_smlouva_firma_najemce, id_osoba, id_firma, datum_podepsani) values (19, 176, 2, '2021-06-19');
insert into smlouva_firma_najemce (id_smlouva_firma_najemce, id_osoba, id_firma, datum_podepsani) values (20, 120, 5, '2020-08-04');
insert into smlouva_firma_najemce (id_smlouva_firma_najemce, id_osoba, id_firma, datum_podepsani) values (21, 145, 4, '2021-11-06');
insert into smlouva_firma_najemce (id_smlouva_firma_najemce, id_osoba, id_firma, datum_podepsani) values (22, 103, 3, '2021-06-20');
insert into smlouva_firma_najemce (id_smlouva_firma_najemce, id_osoba, id_firma, datum_podepsani) values (23, 140, 6, '2021-11-28');
insert into smlouva_firma_najemce (id_smlouva_firma_najemce, id_osoba, id_firma, datum_podepsani) values (24, 195, 5, '2021-08-14');
insert into smlouva_firma_najemce (id_smlouva_firma_najemce, id_osoba, id_firma, datum_podepsani) values (25, 133, 5, '2020-07-10');
insert into smlouva_firma_najemce (id_smlouva_firma_najemce, id_osoba, id_firma, datum_podepsani) values (26, 140, 4, '2020-08-06');
insert into smlouva_firma_najemce (id_smlouva_firma_najemce, id_osoba, id_firma, datum_podepsani) values (27, 152, 1, '2021-08-21');
insert into smlouva_firma_najemce (id_smlouva_firma_najemce, id_osoba, id_firma, datum_podepsani) values (28, 195, 7, '2021-03-01');
insert into smlouva_firma_najemce (id_smlouva_firma_najemce, id_osoba, id_firma, datum_podepsani) values (29, 169, 6, '2020-09-24');
insert into smlouva_firma_najemce (id_smlouva_firma_najemce, id_osoba, id_firma, datum_podepsani) values (30, 164, 3, '2020-11-30');
insert into smlouva_firma_najemce (id_smlouva_firma_najemce, id_osoba, id_firma, datum_podepsani) values (31, 150, 2, '2022-03-11');
insert into smlouva_firma_najemce (id_smlouva_firma_najemce, id_osoba, id_firma, datum_podepsani) values (32, 112, 7, '2021-11-01');
insert into smlouva_firma_najemce (id_smlouva_firma_najemce, id_osoba, id_firma, datum_podepsani) values (33, 128, 3, '2021-10-27');
insert into smlouva_firma_najemce (id_smlouva_firma_najemce, id_osoba, id_firma, datum_podepsani) values (34, 186, 1, '2021-07-24');
insert into smlouva_firma_najemce (id_smlouva_firma_najemce, id_osoba, id_firma, datum_podepsani) values (35, 153, 1, '2021-10-14');
insert into smlouva_firma_najemce (id_smlouva_firma_najemce, id_osoba, id_firma, datum_podepsani) values (36, 135, 2, '2020-09-07');
insert into smlouva_firma_najemce (id_smlouva_firma_najemce, id_osoba, id_firma, datum_podepsani) values (37, 134, 7, '2021-02-26');
insert into smlouva_firma_najemce (id_smlouva_firma_najemce, id_osoba, id_firma, datum_podepsani) values (38, 122, 1, '2022-04-22');
insert into smlouva_firma_najemce (id_smlouva_firma_najemce, id_osoba, id_firma, datum_podepsani) values (39, 189, 5, '2022-04-20');
insert into smlouva_firma_najemce (id_smlouva_firma_najemce, id_osoba, id_firma, datum_podepsani) values (40, 190, 1, '2021-04-06');
insert into smlouva_firma_najemce (id_smlouva_firma_najemce, id_osoba, id_firma, datum_podepsani) values (41, 191, 2, '2021-12-07');
insert into smlouva_firma_najemce (id_smlouva_firma_najemce, id_osoba, id_firma, datum_podepsani) values (42, 119, 3, '2022-01-22');
insert into smlouva_firma_najemce (id_smlouva_firma_najemce, id_osoba, id_firma, datum_podepsani) values (43, 160, 4, '2022-02-17');
insert into smlouva_firma_najemce (id_smlouva_firma_najemce, id_osoba, id_firma, datum_podepsani) values (44, 178, 6, '2020-06-08');
insert into smlouva_firma_najemce (id_smlouva_firma_najemce, id_osoba, id_firma, datum_podepsani) values (45, 189, 6, '2021-06-03');
insert into smlouva_firma_najemce (id_smlouva_firma_najemce, id_osoba, id_firma, datum_podepsani) values (46, 173, 3, '2021-03-13');
insert into smlouva_firma_najemce (id_smlouva_firma_najemce, id_osoba, id_firma, datum_podepsani) values (47, 198, 1, '2021-04-20');
insert into smlouva_firma_najemce (id_smlouva_firma_najemce, id_osoba, id_firma, datum_podepsani) values (48, 145, 5, '2020-10-25');
insert into smlouva_firma_najemce (id_smlouva_firma_najemce, id_osoba, id_firma, datum_podepsani) values (49, 161, 5, '2021-08-31');
insert into smlouva_firma_najemce (id_smlouva_firma_najemce, id_osoba, id_firma, datum_podepsani) values (50, 176, 4, '2020-05-04');
insert into smlouva_firma_najemce (id_smlouva_firma_najemce, id_osoba, id_firma, datum_podepsani) values (51, 126, 3, '2022-02-11');
insert into smlouva_firma_najemce (id_smlouva_firma_najemce, id_osoba, id_firma, datum_podepsani) values (52, 167, 7, '2021-01-07');
insert into smlouva_firma_najemce (id_smlouva_firma_najemce, id_osoba, id_firma, datum_podepsani) values (53, 132, 3, '2022-01-08');
insert into smlouva_firma_najemce (id_smlouva_firma_najemce, id_osoba, id_firma, datum_podepsani) values (54, 145, 7, '2020-12-26');
insert into smlouva_firma_najemce (id_smlouva_firma_najemce, id_osoba, id_firma, datum_podepsani) values (55, 121, 5, '2020-10-08');
insert into smlouva_firma_najemce (id_smlouva_firma_najemce, id_osoba, id_firma, datum_podepsani) values (56, 115, 7, '2020-07-10');
insert into smlouva_firma_najemce (id_smlouva_firma_najemce, id_osoba, id_firma, datum_podepsani) values (57, 110, 1, '2021-12-29');
insert into smlouva_firma_najemce (id_smlouva_firma_najemce, id_osoba, id_firma, datum_podepsani) values (58, 125, 7, '2021-03-22');
insert into smlouva_firma_najemce (id_smlouva_firma_najemce, id_osoba, id_firma, datum_podepsani) values (59, 187, 4, '2021-12-04');
insert into smlouva_firma_najemce (id_smlouva_firma_najemce, id_osoba, id_firma, datum_podepsani) values (60, 115, 6, '2021-12-29');
insert into smlouva_firma_najemce (id_smlouva_firma_najemce, id_osoba, id_firma, datum_podepsani) values (61, 189, 2, '2021-04-22');
insert into smlouva_firma_najemce (id_smlouva_firma_najemce, id_osoba, id_firma, datum_podepsani) values (62, 179, 5, '2020-10-22');
insert into smlouva_firma_najemce (id_smlouva_firma_najemce, id_osoba, id_firma, datum_podepsani) values (63, 190, 1, '2021-06-08');
insert into smlouva_firma_najemce (id_smlouva_firma_najemce, id_osoba, id_firma, datum_podepsani) values (64, 104, 2, '2021-09-07');
insert into smlouva_firma_najemce (id_smlouva_firma_najemce, id_osoba, id_firma, datum_podepsani) values (65, 175, 1, '2021-09-15');
insert into smlouva_firma_najemce (id_smlouva_firma_najemce, id_osoba, id_firma, datum_podepsani) values (66, 193, 2, '2020-08-31');
insert into smlouva_firma_najemce (id_smlouva_firma_najemce, id_osoba, id_firma, datum_podepsani) values (67, 120, 7, '2020-05-25');
insert into smlouva_firma_najemce (id_smlouva_firma_najemce, id_osoba, id_firma, datum_podepsani) values (68, 116, 3, '2020-05-27');
insert into smlouva_firma_najemce (id_smlouva_firma_najemce, id_osoba, id_firma, datum_podepsani) values (69, 182, 2, '2020-05-02');
insert into smlouva_firma_najemce (id_smlouva_firma_najemce, id_osoba, id_firma, datum_podepsani) values (70, 136, 1, '2021-05-26');
insert into smlouva_firma_najemce (id_smlouva_firma_najemce, id_osoba, id_firma, datum_podepsani) values (71, 102, 7, '2020-09-03');
insert into smlouva_firma_najemce (id_smlouva_firma_najemce, id_osoba, id_firma, datum_podepsani) values (72, 106, 3, '2021-01-14');
insert into smlouva_firma_najemce (id_smlouva_firma_najemce, id_osoba, id_firma, datum_podepsani) values (73, 159, 5, '2020-05-17');
insert into smlouva_firma_najemce (id_smlouva_firma_najemce, id_osoba, id_firma, datum_podepsani) values (74, 184, 3, '2020-11-13');
insert into smlouva_firma_najemce (id_smlouva_firma_najemce, id_osoba, id_firma, datum_podepsani) values (75, 170, 3, '2020-06-24');
insert into smlouva_firma_najemce (id_smlouva_firma_najemce, id_osoba, id_firma, datum_podepsani) values (76, 149, 4, '2021-09-14');
insert into smlouva_firma_najemce (id_smlouva_firma_najemce, id_osoba, id_firma, datum_podepsani) values (77, 173, 3, '2020-07-22');
insert into smlouva_firma_najemce (id_smlouva_firma_najemce, id_osoba, id_firma, datum_podepsani) values (78, 128, 3, '2022-01-18');
insert into smlouva_firma_najemce (id_smlouva_firma_najemce, id_osoba, id_firma, datum_podepsani) values (79, 149, 1, '2021-01-02');
insert into smlouva_firma_najemce (id_smlouva_firma_najemce, id_osoba, id_firma, datum_podepsani) values (80, 168, 7, '2022-02-18');
insert into smlouva_firma_najemce (id_smlouva_firma_najemce, id_osoba, id_firma, datum_podepsani) values (81, 141, 1, '2022-03-18');
insert into smlouva_firma_najemce (id_smlouva_firma_najemce, id_osoba, id_firma, datum_podepsani) values (82, 130, 1, '2022-03-14');
insert into smlouva_firma_najemce (id_smlouva_firma_najemce, id_osoba, id_firma, datum_podepsani) values (83, 117, 2, '2021-05-09');
insert into smlouva_firma_najemce (id_smlouva_firma_najemce, id_osoba, id_firma, datum_podepsani) values (84, 179, 5, '2022-03-08');
insert into smlouva_firma_najemce (id_smlouva_firma_najemce, id_osoba, id_firma, datum_podepsani) values (85, 107, 4, '2021-01-18');
insert into smlouva_firma_najemce (id_smlouva_firma_najemce, id_osoba, id_firma, datum_podepsani) values (86, 191, 3, '2021-07-31');
insert into smlouva_firma_najemce (id_smlouva_firma_najemce, id_osoba, id_firma, datum_podepsani) values (87, 102, 5, '2021-02-10');
insert into smlouva_firma_najemce (id_smlouva_firma_najemce, id_osoba, id_firma, datum_podepsani) values (88, 195, 4, '2021-01-08');
insert into smlouva_firma_najemce (id_smlouva_firma_najemce, id_osoba, id_firma, datum_podepsani) values (89, 178, 4, '2021-02-23');
insert into smlouva_firma_najemce (id_smlouva_firma_najemce, id_osoba, id_firma, datum_podepsani) values (90, 128, 5, '2022-01-07');
insert into smlouva_firma_najemce (id_smlouva_firma_najemce, id_osoba, id_firma, datum_podepsani) values (91, 171, 5, '2021-07-21');
insert into smlouva_firma_najemce (id_smlouva_firma_najemce, id_osoba, id_firma, datum_podepsani) values (92, 162, 6, '2022-03-18');
insert into smlouva_firma_najemce (id_smlouva_firma_najemce, id_osoba, id_firma, datum_podepsani) values (93, 200, 6, '2021-12-03');
insert into smlouva_firma_najemce (id_smlouva_firma_najemce, id_osoba, id_firma, datum_podepsani) values (94, 199, 2, '2022-02-05');
insert into smlouva_firma_najemce (id_smlouva_firma_najemce, id_osoba, id_firma, datum_podepsani) values (95, 132, 6, '2021-02-28');
insert into smlouva_firma_najemce (id_smlouva_firma_najemce, id_osoba, id_firma, datum_podepsani) values (96, 158, 4, '2020-09-24');
insert into smlouva_firma_najemce (id_smlouva_firma_najemce, id_osoba, id_firma, datum_podepsani) values (97, 135, 2, '2021-12-15');
insert into smlouva_firma_najemce (id_smlouva_firma_najemce, id_osoba, id_firma, datum_podepsani) values (98, 126, 1, '2021-12-22');
insert into smlouva_firma_najemce (id_smlouva_firma_najemce, id_osoba, id_firma, datum_podepsani) values (99, 117, 4, '2022-01-22');
insert into smlouva_firma_najemce (id_smlouva_firma_najemce, id_osoba, id_firma, datum_podepsani) values (100, 158, 6, '2020-12-15');

insert into smlouva_firma_vlastnik (id_smlouva_firma_vlastnik, id_osoba, id_firma, datum_podepsani) values (1, 1, 3, '2021-06-12');
insert into smlouva_firma_vlastnik (id_smlouva_firma_vlastnik, id_osoba, id_firma, datum_podepsani) values (2, 2, 4, '2021-10-18');
insert into smlouva_firma_vlastnik (id_smlouva_firma_vlastnik, id_osoba, id_firma, datum_podepsani) values (3, 3, 5, '2020-06-08');
insert into smlouva_firma_vlastnik (id_smlouva_firma_vlastnik, id_osoba, id_firma, datum_podepsani) values (4, 4, 2, '2022-01-21');
insert into smlouva_firma_vlastnik (id_smlouva_firma_vlastnik, id_osoba, id_firma, datum_podepsani) values (5, 5, 2, '2020-12-15');
insert into smlouva_firma_vlastnik (id_smlouva_firma_vlastnik, id_osoba, id_firma, datum_podepsani) values (6, 6, 6, '2020-08-22');
insert into smlouva_firma_vlastnik (id_smlouva_firma_vlastnik, id_osoba, id_firma, datum_podepsani) values (7, 7, 5, '2021-09-28');
insert into smlouva_firma_vlastnik (id_smlouva_firma_vlastnik, id_osoba, id_firma, datum_podepsani) values (8, 8, 4, '2021-10-28');
insert into smlouva_firma_vlastnik (id_smlouva_firma_vlastnik, id_osoba, id_firma, datum_podepsani) values (9, 9, 3, '2020-07-14');
insert into smlouva_firma_vlastnik (id_smlouva_firma_vlastnik, id_osoba, id_firma, datum_podepsani) values (10, 10, 6, '2021-08-29');
insert into smlouva_firma_vlastnik (id_smlouva_firma_vlastnik, id_osoba, id_firma, datum_podepsani) values (11, 11, 2, '2021-08-24');
insert into smlouva_firma_vlastnik (id_smlouva_firma_vlastnik, id_osoba, id_firma, datum_podepsani) values (12, 12, 1, '2021-10-03');
insert into smlouva_firma_vlastnik (id_smlouva_firma_vlastnik, id_osoba, id_firma, datum_podepsani) values (13, 13, 5, '2021-11-18');
insert into smlouva_firma_vlastnik (id_smlouva_firma_vlastnik, id_osoba, id_firma, datum_podepsani) values (14, 14, 1, '2020-10-16');
insert into smlouva_firma_vlastnik (id_smlouva_firma_vlastnik, id_osoba, id_firma, datum_podepsani) values (15, 15, 6, '2022-04-27');
insert into smlouva_firma_vlastnik (id_smlouva_firma_vlastnik, id_osoba, id_firma, datum_podepsani) values (16, 16, 7, '2021-11-18');
insert into smlouva_firma_vlastnik (id_smlouva_firma_vlastnik, id_osoba, id_firma, datum_podepsani) values (17, 17, 7, '2020-05-06');
insert into smlouva_firma_vlastnik (id_smlouva_firma_vlastnik, id_osoba, id_firma, datum_podepsani) values (18, 18, 7, '2021-05-15');
insert into smlouva_firma_vlastnik (id_smlouva_firma_vlastnik, id_osoba, id_firma, datum_podepsani) values (19, 19, 6, '2021-02-14');
insert into smlouva_firma_vlastnik (id_smlouva_firma_vlastnik, id_osoba, id_firma, datum_podepsani) values (20, 20, 4, '2021-10-17');
insert into smlouva_firma_vlastnik (id_smlouva_firma_vlastnik, id_osoba, id_firma, datum_podepsani) values (21, 21, 3, '2020-09-04');
insert into smlouva_firma_vlastnik (id_smlouva_firma_vlastnik, id_osoba, id_firma, datum_podepsani) values (22, 22, 5, '2020-06-08');
insert into smlouva_firma_vlastnik (id_smlouva_firma_vlastnik, id_osoba, id_firma, datum_podepsani) values (23, 23, 2, '2020-12-22');
insert into smlouva_firma_vlastnik (id_smlouva_firma_vlastnik, id_osoba, id_firma, datum_podepsani) values (24, 24, 1, '2020-06-30');
insert into smlouva_firma_vlastnik (id_smlouva_firma_vlastnik, id_osoba, id_firma, datum_podepsani) values (25, 25, 6, '2021-04-08');
insert into smlouva_firma_vlastnik (id_smlouva_firma_vlastnik, id_osoba, id_firma, datum_podepsani) values (26, 26, 6, '2021-02-28');
insert into smlouva_firma_vlastnik (id_smlouva_firma_vlastnik, id_osoba, id_firma, datum_podepsani) values (27, 27, 2, '2021-11-29');
insert into smlouva_firma_vlastnik (id_smlouva_firma_vlastnik, id_osoba, id_firma, datum_podepsani) values (28, 28, 3, '2020-05-07');
insert into smlouva_firma_vlastnik (id_smlouva_firma_vlastnik, id_osoba, id_firma, datum_podepsani) values (29, 29, 6, '2020-09-09');
insert into smlouva_firma_vlastnik (id_smlouva_firma_vlastnik, id_osoba, id_firma, datum_podepsani) values (30, 30, 3, '2021-12-17');
insert into smlouva_firma_vlastnik (id_smlouva_firma_vlastnik, id_osoba, id_firma, datum_podepsani) values (31, 31, 3, '2020-12-11');
insert into smlouva_firma_vlastnik (id_smlouva_firma_vlastnik, id_osoba, id_firma, datum_podepsani) values (32, 32, 5, '2020-08-02');
insert into smlouva_firma_vlastnik (id_smlouva_firma_vlastnik, id_osoba, id_firma, datum_podepsani) values (33, 33, 4, '2020-11-10');
insert into smlouva_firma_vlastnik (id_smlouva_firma_vlastnik, id_osoba, id_firma, datum_podepsani) values (34, 34, 3, '2020-10-13');
insert into smlouva_firma_vlastnik (id_smlouva_firma_vlastnik, id_osoba, id_firma, datum_podepsani) values (35, 35, 3, '2022-02-26');
insert into smlouva_firma_vlastnik (id_smlouva_firma_vlastnik, id_osoba, id_firma, datum_podepsani) values (36, 36, 6, '2021-07-22');
insert into smlouva_firma_vlastnik (id_smlouva_firma_vlastnik, id_osoba, id_firma, datum_podepsani) values (37, 37, 3, '2020-10-22');
insert into smlouva_firma_vlastnik (id_smlouva_firma_vlastnik, id_osoba, id_firma, datum_podepsani) values (38, 38, 4, '2022-03-27');
insert into smlouva_firma_vlastnik (id_smlouva_firma_vlastnik, id_osoba, id_firma, datum_podepsani) values (39, 39, 6, '2022-01-15');
insert into smlouva_firma_vlastnik (id_smlouva_firma_vlastnik, id_osoba, id_firma, datum_podepsani) values (40, 40, 5, '2020-09-12');
insert into smlouva_firma_vlastnik (id_smlouva_firma_vlastnik, id_osoba, id_firma, datum_podepsani) values (41, 41, 2, '2022-03-28');
insert into smlouva_firma_vlastnik (id_smlouva_firma_vlastnik, id_osoba, id_firma, datum_podepsani) values (42, 42, 1, '2020-09-04');
insert into smlouva_firma_vlastnik (id_smlouva_firma_vlastnik, id_osoba, id_firma, datum_podepsani) values (43, 43, 6, '2021-06-08');
insert into smlouva_firma_vlastnik (id_smlouva_firma_vlastnik, id_osoba, id_firma, datum_podepsani) values (44, 44, 7, '2021-05-10');
insert into smlouva_firma_vlastnik (id_smlouva_firma_vlastnik, id_osoba, id_firma, datum_podepsani) values (45, 45, 4, '2021-08-26');
insert into smlouva_firma_vlastnik (id_smlouva_firma_vlastnik, id_osoba, id_firma, datum_podepsani) values (46, 46, 5, '2021-07-17');
insert into smlouva_firma_vlastnik (id_smlouva_firma_vlastnik, id_osoba, id_firma, datum_podepsani) values (47, 47, 4, '2021-04-24');
insert into smlouva_firma_vlastnik (id_smlouva_firma_vlastnik, id_osoba, id_firma, datum_podepsani) values (48, 48, 2, '2020-06-26');
insert into smlouva_firma_vlastnik (id_smlouva_firma_vlastnik, id_osoba, id_firma, datum_podepsani) values (49, 49, 2, '2020-09-15');
insert into smlouva_firma_vlastnik (id_smlouva_firma_vlastnik, id_osoba, id_firma, datum_podepsani) values (50, 50, 6, '2021-10-01');
insert into smlouva_firma_vlastnik (id_smlouva_firma_vlastnik, id_osoba, id_firma, datum_podepsani) values (51, 51, 1, '2022-02-18');
insert into smlouva_firma_vlastnik (id_smlouva_firma_vlastnik, id_osoba, id_firma, datum_podepsani) values (52, 52, 4, '2021-03-19');
insert into smlouva_firma_vlastnik (id_smlouva_firma_vlastnik, id_osoba, id_firma, datum_podepsani) values (53, 53, 3, '2021-01-29');
insert into smlouva_firma_vlastnik (id_smlouva_firma_vlastnik, id_osoba, id_firma, datum_podepsani) values (54, 54, 5, '2021-01-07');
insert into smlouva_firma_vlastnik (id_smlouva_firma_vlastnik, id_osoba, id_firma, datum_podepsani) values (55, 55, 2, '2021-09-13');
insert into smlouva_firma_vlastnik (id_smlouva_firma_vlastnik, id_osoba, id_firma, datum_podepsani) values (56, 56, 1, '2021-09-23');
insert into smlouva_firma_vlastnik (id_smlouva_firma_vlastnik, id_osoba, id_firma, datum_podepsani) values (57, 57, 3, '2021-07-04');
insert into smlouva_firma_vlastnik (id_smlouva_firma_vlastnik, id_osoba, id_firma, datum_podepsani) values (58, 58, 5, '2020-06-05');
insert into smlouva_firma_vlastnik (id_smlouva_firma_vlastnik, id_osoba, id_firma, datum_podepsani) values (59, 59, 2, '2021-01-10');
insert into smlouva_firma_vlastnik (id_smlouva_firma_vlastnik, id_osoba, id_firma, datum_podepsani) values (60, 60, 6, '2020-10-05');
insert into smlouva_firma_vlastnik (id_smlouva_firma_vlastnik, id_osoba, id_firma, datum_podepsani) values (61, 61, 4, '2021-06-03');
insert into smlouva_firma_vlastnik (id_smlouva_firma_vlastnik, id_osoba, id_firma, datum_podepsani) values (62, 62, 3, '2020-09-24');
insert into smlouva_firma_vlastnik (id_smlouva_firma_vlastnik, id_osoba, id_firma, datum_podepsani) values (63, 63, 4, '2020-07-26');
insert into smlouva_firma_vlastnik (id_smlouva_firma_vlastnik, id_osoba, id_firma, datum_podepsani) values (64, 64, 7, '2020-12-09');
insert into smlouva_firma_vlastnik (id_smlouva_firma_vlastnik, id_osoba, id_firma, datum_podepsani) values (65, 65, 5, '2021-08-12');
insert into smlouva_firma_vlastnik (id_smlouva_firma_vlastnik, id_osoba, id_firma, datum_podepsani) values (66, 66, 1, '2020-10-09');
insert into smlouva_firma_vlastnik (id_smlouva_firma_vlastnik, id_osoba, id_firma, datum_podepsani) values (67, 67, 2, '2021-07-10');
insert into smlouva_firma_vlastnik (id_smlouva_firma_vlastnik, id_osoba, id_firma, datum_podepsani) values (68, 68, 4, '2021-03-23');
insert into smlouva_firma_vlastnik (id_smlouva_firma_vlastnik, id_osoba, id_firma, datum_podepsani) values (69, 69, 1, '2021-03-04');
insert into smlouva_firma_vlastnik (id_smlouva_firma_vlastnik, id_osoba, id_firma, datum_podepsani) values (70, 70, 5, '2020-11-23');
insert into smlouva_firma_vlastnik (id_smlouva_firma_vlastnik, id_osoba, id_firma, datum_podepsani) values (71, 71, 5, '2021-05-12');
insert into smlouva_firma_vlastnik (id_smlouva_firma_vlastnik, id_osoba, id_firma, datum_podepsani) values (72, 72, 7, '2022-02-14');
insert into smlouva_firma_vlastnik (id_smlouva_firma_vlastnik, id_osoba, id_firma, datum_podepsani) values (73, 73, 4, '2021-03-30');
insert into smlouva_firma_vlastnik (id_smlouva_firma_vlastnik, id_osoba, id_firma, datum_podepsani) values (74, 74, 2, '2020-08-10');
insert into smlouva_firma_vlastnik (id_smlouva_firma_vlastnik, id_osoba, id_firma, datum_podepsani) values (75, 75, 1, '2021-05-12');
insert into smlouva_firma_vlastnik (id_smlouva_firma_vlastnik, id_osoba, id_firma, datum_podepsani) values (76, 76, 3, '2021-08-12');
insert into smlouva_firma_vlastnik (id_smlouva_firma_vlastnik, id_osoba, id_firma, datum_podepsani) values (77, 77, 5, '2022-01-19');
insert into smlouva_firma_vlastnik (id_smlouva_firma_vlastnik, id_osoba, id_firma, datum_podepsani) values (78, 78, 7, '2021-04-27');
insert into smlouva_firma_vlastnik (id_smlouva_firma_vlastnik, id_osoba, id_firma, datum_podepsani) values (79, 79, 7, '2021-01-07');
insert into smlouva_firma_vlastnik (id_smlouva_firma_vlastnik, id_osoba, id_firma, datum_podepsani) values (80, 80, 2, '2021-10-25');
insert into smlouva_firma_vlastnik (id_smlouva_firma_vlastnik, id_osoba, id_firma, datum_podepsani) values (81, 81, 1, '2021-07-24');
insert into smlouva_firma_vlastnik (id_smlouva_firma_vlastnik, id_osoba, id_firma, datum_podepsani) values (82, 82, 6, '2020-05-23');
insert into smlouva_firma_vlastnik (id_smlouva_firma_vlastnik, id_osoba, id_firma, datum_podepsani) values (83, 83, 7, '2020-10-15');
insert into smlouva_firma_vlastnik (id_smlouva_firma_vlastnik, id_osoba, id_firma, datum_podepsani) values (84, 84, 6, '2021-06-29');
insert into smlouva_firma_vlastnik (id_smlouva_firma_vlastnik, id_osoba, id_firma, datum_podepsani) values (85, 85, 4, '2020-12-21');
insert into smlouva_firma_vlastnik (id_smlouva_firma_vlastnik, id_osoba, id_firma, datum_podepsani) values (86, 86, 2, '2021-06-30');
insert into smlouva_firma_vlastnik (id_smlouva_firma_vlastnik, id_osoba, id_firma, datum_podepsani) values (87, 87, 3, '2021-03-08');
insert into smlouva_firma_vlastnik (id_smlouva_firma_vlastnik, id_osoba, id_firma, datum_podepsani) values (88, 88, 4, '2021-12-11');
insert into smlouva_firma_vlastnik (id_smlouva_firma_vlastnik, id_osoba, id_firma, datum_podepsani) values (89, 89, 6, '2021-08-25');
insert into smlouva_firma_vlastnik (id_smlouva_firma_vlastnik, id_osoba, id_firma, datum_podepsani) values (90, 90, 1, '2022-04-29');
insert into smlouva_firma_vlastnik (id_smlouva_firma_vlastnik, id_osoba, id_firma, datum_podepsani) values (91, 91, 4, '2022-03-30');
insert into smlouva_firma_vlastnik (id_smlouva_firma_vlastnik, id_osoba, id_firma, datum_podepsani) values (92, 92, 7, '2022-02-23');
insert into smlouva_firma_vlastnik (id_smlouva_firma_vlastnik, id_osoba, id_firma, datum_podepsani) values (93, 93, 3, '2020-05-06');
insert into smlouva_firma_vlastnik (id_smlouva_firma_vlastnik, id_osoba, id_firma, datum_podepsani) values (94, 94, 3, '2020-09-24');
insert into smlouva_firma_vlastnik (id_smlouva_firma_vlastnik, id_osoba, id_firma, datum_podepsani) values (95, 95, 5, '2022-01-09');
insert into smlouva_firma_vlastnik (id_smlouva_firma_vlastnik, id_osoba, id_firma, datum_podepsani) values (96, 96, 5, '2021-01-10');
insert into smlouva_firma_vlastnik (id_smlouva_firma_vlastnik, id_osoba, id_firma, datum_podepsani) values (97, 97, 3, '2020-07-23');
insert into smlouva_firma_vlastnik (id_smlouva_firma_vlastnik, id_osoba, id_firma, datum_podepsani) values (98, 98, 2, '2021-12-19');
insert into smlouva_firma_vlastnik (id_smlouva_firma_vlastnik, id_osoba, id_firma, datum_podepsani) values (99, 99, 3, '2020-12-20');
insert into smlouva_firma_vlastnik (id_smlouva_firma_vlastnik, id_osoba, id_firma, datum_podepsani) values (100, 100, 1, '2021-11-14');
insert into smlouva_firma_vlastnik (id_smlouva_firma_vlastnik, id_osoba, id_firma, datum_podepsani) values (101, 100, 2, '2021-11-14');
insert into smlouva_firma_vlastnik (id_smlouva_firma_vlastnik, id_osoba, id_firma, datum_podepsani) values (102, 100, 3, '2021-11-14');
insert into smlouva_firma_vlastnik (id_smlouva_firma_vlastnik, id_osoba, id_firma, datum_podepsani) values (103, 100, 4, '2021-11-14');
insert into smlouva_firma_vlastnik (id_smlouva_firma_vlastnik, id_osoba, id_firma, datum_podepsani) values (104, 100, 5, '2021-11-14');
insert into smlouva_firma_vlastnik (id_smlouva_firma_vlastnik, id_osoba, id_firma, datum_podepsani) values (105, 100, 6, '2021-11-14');
insert into smlouva_firma_vlastnik (id_smlouva_firma_vlastnik, id_osoba, id_firma, datum_podepsani) values (106, 100, 7, '2021-11-14');

insert into smlouva_firma_vlastnik (id_smlouva_firma_vlastnik, id_osoba, id_firma, datum_podepsani) values (107, 100, 1, '2021-11-14');
insert into smlouva_firma_vlastnik (id_smlouva_firma_vlastnik, id_osoba, id_firma, datum_podepsani) values (108, 100, 1, '2021-11-14');
insert into smlouva_firma_vlastnik (id_smlouva_firma_vlastnik, id_osoba, id_firma, datum_podepsani) values (109, 100, 1, '2021-11-14');
insert into smlouva_firma_vlastnik (id_smlouva_firma_vlastnik, id_osoba, id_firma, datum_podepsani) values (110, 100, 1, '2021-11-14');
insert into smlouva_firma_vlastnik (id_smlouva_firma_vlastnik, id_osoba, id_firma, datum_podepsani) values (111, 100, 1, '2021-11-14');
insert into smlouva_firma_vlastnik (id_smlouva_firma_vlastnik, id_osoba, id_firma, datum_podepsani) values (112, 100, 1, '2021-11-14');

insert into byt (id_byt, id_adresa, id_osoba, patro, cislo_bytu) values (1, 1, 1, 24, 60);
insert into byt (id_byt, id_adresa, id_osoba, patro, cislo_bytu) values (2, 2, 2, 97, 48);
insert into byt (id_byt, id_adresa, id_osoba, patro, cislo_bytu) values (3, 3, 3, 28, 49);
insert into byt (id_byt, id_adresa, id_osoba, patro, cislo_bytu) values (4, 4, 4, 59, 56);
insert into byt (id_byt, id_adresa, id_osoba, patro, cislo_bytu) values (5, 5, 5, 103, 119);
insert into byt (id_byt, id_adresa, id_osoba, patro, cislo_bytu) values (6, 6, 6, 65, 94);
insert into byt (id_byt, id_adresa, id_osoba, patro, cislo_bytu) values (7, 7, 7, 40, 125);
insert into byt (id_byt, id_adresa, id_osoba, patro, cislo_bytu) values (8, 8, 8, 128, 29);
insert into byt (id_byt, id_adresa, id_osoba, patro, cislo_bytu) values (9, 9, 9, 120, 23);
insert into byt (id_byt, id_adresa, id_osoba, patro, cislo_bytu) values (10, 10, 10, 125, 84);
insert into byt (id_byt, id_adresa, id_osoba, patro, cislo_bytu) values (11, 11, 11, 70, 29);
insert into byt (id_byt, id_adresa, id_osoba, patro, cislo_bytu) values (12, 12, 12, 87, 120);
insert into byt (id_byt, id_adresa, id_osoba, patro, cislo_bytu) values (13, 13, 13, 72, 33);
insert into byt (id_byt, id_adresa, id_osoba, patro, cislo_bytu) values (14, 14, 14, 4, 52);
insert into byt (id_byt, id_adresa, id_osoba, patro, cislo_bytu) values (15, 15, 15, 100, 103);
insert into byt (id_byt, id_adresa, id_osoba, patro, cislo_bytu) values (16, 16, 16, 87, 47);
insert into byt (id_byt, id_adresa, id_osoba, patro, cislo_bytu) values (17, 17, 17, 78, 50);
insert into byt (id_byt, id_adresa, id_osoba, patro, cislo_bytu) values (18, 18, 18, 51, 33);
insert into byt (id_byt, id_adresa, id_osoba, patro, cislo_bytu) values (19, 19, 19, 24, 110);
insert into byt (id_byt, id_adresa, id_osoba, patro, cislo_bytu) values (20, 20, 20, 1, 103);
insert into byt (id_byt, id_adresa, id_osoba, patro, cislo_bytu) values (21, 21, 21, 62, 23);
insert into byt (id_byt, id_adresa, id_osoba, patro, cislo_bytu) values (22, 22, 22, 116, 9);
insert into byt (id_byt, id_adresa, id_osoba, patro, cislo_bytu) values (23, 23, 23, 78, 45);
insert into byt (id_byt, id_adresa, id_osoba, patro, cislo_bytu) values (24, 24, 24, 27, 52);
insert into byt (id_byt, id_adresa, id_osoba, patro, cislo_bytu) values (25, 25, 25, 13, 49);
insert into byt (id_byt, id_adresa, id_osoba, patro, cislo_bytu) values (26, 26, 26, 18, 22);
insert into byt (id_byt, id_adresa, id_osoba, patro, cislo_bytu) values (27, 27, 27, 85, 22);
insert into byt (id_byt, id_adresa, id_osoba, patro, cislo_bytu) values (28, 28, 28, 78, 98);
insert into byt (id_byt, id_adresa, id_osoba, patro, cislo_bytu) values (29, 29, 29, 2, 74);
insert into byt (id_byt, id_adresa, id_osoba, patro, cislo_bytu) values (30, 30, 30, 16, 6);
insert into byt (id_byt, id_adresa, id_osoba, patro, cislo_bytu) values (31, 31, 31, 79, 52);
insert into byt (id_byt, id_adresa, id_osoba, patro, cislo_bytu) values (32, 32, 32, 68, 56);
insert into byt (id_byt, id_adresa, id_osoba, patro, cislo_bytu) values (33, 33, 33, 123, 24);
insert into byt (id_byt, id_adresa, id_osoba, patro, cislo_bytu) values (34, 34, 34, 39, 56);
insert into byt (id_byt, id_adresa, id_osoba, patro, cislo_bytu) values (35, 35, 35, 117, 5);
insert into byt (id_byt, id_adresa, id_osoba, patro, cislo_bytu) values (36, 36, 36, 77, 49);
insert into byt (id_byt, id_adresa, id_osoba, patro, cislo_bytu) values (37, 37, 37, 98, 2);
insert into byt (id_byt, id_adresa, id_osoba, patro, cislo_bytu) values (38, 38, 38, 0, 73);
insert into byt (id_byt, id_adresa, id_osoba, patro, cislo_bytu) values (39, 39, 39, 114, 71);
insert into byt (id_byt, id_adresa, id_osoba, patro, cislo_bytu) values (40, 40, 40, 50, 82);
insert into byt (id_byt, id_adresa, id_osoba, patro, cislo_bytu) values (41, 41, 41, 13, 60);
insert into byt (id_byt, id_adresa, id_osoba, patro, cislo_bytu) values (42, 42, 42, 87, 29);
insert into byt (id_byt, id_adresa, id_osoba, patro, cislo_bytu) values (43, 43, 43, 11, 79);
insert into byt (id_byt, id_adresa, id_osoba, patro, cislo_bytu) values (44, 44, 44, 9, 22);
insert into byt (id_byt, id_adresa, id_osoba, patro, cislo_bytu) values (45, 45, 45, 10, 105);
insert into byt (id_byt, id_adresa, id_osoba, patro, cislo_bytu) values (46, 46, 46, 40, 33);
insert into byt (id_byt, id_adresa, id_osoba, patro, cislo_bytu) values (47, 47, 47, 38, 42);
insert into byt (id_byt, id_adresa, id_osoba, patro, cislo_bytu) values (48, 48, 48, 106, 31);
insert into byt (id_byt, id_adresa, id_osoba, patro, cislo_bytu) values (49, 49, 49, 56, 115);
insert into byt (id_byt, id_adresa, id_osoba, patro, cislo_bytu) values (50, 50, 50, 67, 108);
insert into byt (id_byt, id_adresa, id_osoba, patro, cislo_bytu) values (51, 51, 51, 53, 41);
insert into byt (id_byt, id_adresa, id_osoba, patro, cislo_bytu) values (52, 52, 52, 52, 60);
insert into byt (id_byt, id_adresa, id_osoba, patro, cislo_bytu) values (53, 53, 53, 39, 41);
insert into byt (id_byt, id_adresa, id_osoba, patro, cislo_bytu) values (54, 54, 54, 95, 35);
insert into byt (id_byt, id_adresa, id_osoba, patro, cislo_bytu) values (55, 55, 55, 98, 95);
insert into byt (id_byt, id_adresa, id_osoba, patro, cislo_bytu) values (56, 56, 56, 36, 25);
insert into byt (id_byt, id_adresa, id_osoba, patro, cislo_bytu) values (57, 57, 57, 60, 38);
insert into byt (id_byt, id_adresa, id_osoba, patro, cislo_bytu) values (58, 58, 58, 89, 6);
insert into byt (id_byt, id_adresa, id_osoba, patro, cislo_bytu) values (59, 59, 59, 31, 104);
insert into byt (id_byt, id_adresa, id_osoba, patro, cislo_bytu) values (60, 60, 60, 90, 2);
insert into byt (id_byt, id_adresa, id_osoba, patro, cislo_bytu) values (61, 61, 61, 101, 52);
insert into byt (id_byt, id_adresa, id_osoba, patro, cislo_bytu) values (62, 62, 62, 73, 13);
insert into byt (id_byt, id_adresa, id_osoba, patro, cislo_bytu) values (63, 63, 63, 37, 35);
insert into byt (id_byt, id_adresa, id_osoba, patro, cislo_bytu) values (64, 64, 64, 127, 127);
insert into byt (id_byt, id_adresa, id_osoba, patro, cislo_bytu) values (65, 65, 65, 72, 44);
insert into byt (id_byt, id_adresa, id_osoba, patro, cislo_bytu) values (66, 66, 66, 1, 88);
insert into byt (id_byt, id_adresa, id_osoba, patro, cislo_bytu) values (67, 67, 67, 50, 37);
insert into byt (id_byt, id_adresa, id_osoba, patro, cislo_bytu) values (68, 68, 68, 98, 112);
insert into byt (id_byt, id_adresa, id_osoba, patro, cislo_bytu) values (69, 69, 69, 99, 54);
insert into byt (id_byt, id_adresa, id_osoba, patro, cislo_bytu) values (70, 70, 70, 45, 83);
insert into byt (id_byt, id_adresa, id_osoba, patro, cislo_bytu) values (71, 71, 71, 105, 3);
insert into byt (id_byt, id_adresa, id_osoba, patro, cislo_bytu) values (72, 72, 72, 59, 25);
insert into byt (id_byt, id_adresa, id_osoba, patro, cislo_bytu) values (73, 73, 73, 1, 97);
insert into byt (id_byt, id_adresa, id_osoba, patro, cislo_bytu) values (74, 74, 74, 26, 38);
insert into byt (id_byt, id_adresa, id_osoba, patro, cislo_bytu) values (75, 75, 75, 97, 64);
insert into byt (id_byt, id_adresa, id_osoba, patro, cislo_bytu) values (76, 76, 76, 121, 24);
insert into byt (id_byt, id_adresa, id_osoba, patro, cislo_bytu) values (77, 77, 77, 94, 102);
insert into byt (id_byt, id_adresa, id_osoba, patro, cislo_bytu) values (78, 78, 78, 40, 89);
insert into byt (id_byt, id_adresa, id_osoba, patro, cislo_bytu) values (79, 79, 79, 107, 59);
insert into byt (id_byt, id_adresa, id_osoba, patro, cislo_bytu) values (80, 80, 80, 47, 126);
insert into byt (id_byt, id_adresa, id_osoba, patro, cislo_bytu) values (81, 81, 81, 69, 44);
insert into byt (id_byt, id_adresa, id_osoba, patro, cislo_bytu) values (82, 82, 82, 75, 121);
insert into byt (id_byt, id_adresa, id_osoba, patro, cislo_bytu) values (83, 83, 83, 7, 80);
insert into byt (id_byt, id_adresa, id_osoba, patro, cislo_bytu) values (84, 84, 84, 81, 102);
insert into byt (id_byt, id_adresa, id_osoba, patro, cislo_bytu) values (85, 85, 85, 46, 60);
insert into byt (id_byt, id_adresa, id_osoba, patro, cislo_bytu) values (86, 86, 86, 86, 53);
insert into byt (id_byt, id_adresa, id_osoba, patro, cislo_bytu) values (87, 87, 87, 67, 27);
insert into byt (id_byt, id_adresa, id_osoba, patro, cislo_bytu) values (88, 88, 88, 85, 21);
insert into byt (id_byt, id_adresa, id_osoba, patro, cislo_bytu) values (89, 89, 89, 121, 121);
insert into byt (id_byt, id_adresa, id_osoba, patro, cislo_bytu) values (90, 90, 90, 63, 95);
insert into byt (id_byt, id_adresa, id_osoba, patro, cislo_bytu) values (91, 91, 91, 53, 41);
insert into byt (id_byt, id_adresa, id_osoba, patro, cislo_bytu) values (92, 92, 92, 49, 32);
insert into byt (id_byt, id_adresa, id_osoba, patro, cislo_bytu) values (93, 93, 93, 84, 75);
insert into byt (id_byt, id_adresa, id_osoba, patro, cislo_bytu) values (94, 94, 94, 13, 17);
insert into byt (id_byt, id_adresa, id_osoba, patro, cislo_bytu) values (95, 95, 95, 98, 18);
insert into byt (id_byt, id_adresa, id_osoba, patro, cislo_bytu) values (96, 96, 96, 104, 89);
insert into byt (id_byt, id_adresa, id_osoba, patro, cislo_bytu) values (97, 97, 97, 68, 71);
insert into byt (id_byt, id_adresa, id_osoba, patro, cislo_bytu) values (98, 98, 98, 111, 88);
insert into byt (id_byt, id_adresa, id_osoba, patro, cislo_bytu) values (99, 99, 99, 18, 29);
insert into byt (id_byt, id_adresa, id_osoba, patro, cislo_bytu) values (100, 100, 100, 90, 102);

insert into smlouva_najemni (id_smlouva_najemni, id_osoba, id_byt, vlastnik_id_osoba, datum_podepsani, datum_zacatek_pronajmu, datum_konec_pronajmu) values (1, 101, 1, 1, '2021-01-20', '2022-04-27', '2023-02-25');
insert into smlouva_najemni (id_smlouva_najemni, id_osoba, id_byt, vlastnik_id_osoba, datum_podepsani, datum_zacatek_pronajmu, datum_konec_pronajmu) values (2, 102, 2, 2, '2021-02-02', '2022-03-27', '2023-04-17');
insert into smlouva_najemni (id_smlouva_najemni, id_osoba, id_byt, vlastnik_id_osoba, datum_podepsani, datum_zacatek_pronajmu, datum_konec_pronajmu) values (3, 103, 3, 3, '2021-04-07', '2022-03-15', '2023-04-28');
insert into smlouva_najemni (id_smlouva_najemni, id_osoba, id_byt, vlastnik_id_osoba, datum_podepsani, datum_zacatek_pronajmu, datum_konec_pronajmu) values (4, 104, 4, 4, '2021-01-26', '2022-06-04', '2023-03-30');
insert into smlouva_najemni (id_smlouva_najemni, id_osoba, id_byt, vlastnik_id_osoba, datum_podepsani, datum_zacatek_pronajmu, datum_konec_pronajmu) values (5, 105, 5, 5, '2021-01-25', '2022-04-07', '2023-01-29');
insert into smlouva_najemni (id_smlouva_najemni, id_osoba, id_byt, vlastnik_id_osoba, datum_podepsani, datum_zacatek_pronajmu, datum_konec_pronajmu) values (6, 106, 6, 6, '2021-03-11', '2022-02-05', '2023-03-08');
insert into smlouva_najemni (id_smlouva_najemni, id_osoba, id_byt, vlastnik_id_osoba, datum_podepsani, datum_zacatek_pronajmu, datum_konec_pronajmu) values (7, 107, 7, 7, '2021-04-14', '2022-10-31', '2023-03-27');
insert into smlouva_najemni (id_smlouva_najemni, id_osoba, id_byt, vlastnik_id_osoba, datum_podepsani, datum_zacatek_pronajmu, datum_konec_pronajmu) values (8, 108, 8, 8, '2021-03-23', '2022-07-09', '2023-03-12');
insert into smlouva_najemni (id_smlouva_najemni, id_osoba, id_byt, vlastnik_id_osoba, datum_podepsani, datum_zacatek_pronajmu, datum_konec_pronajmu) values (9, 109, 9, 9, '2021-02-03', '2022-03-27', '2023-04-04');
insert into smlouva_najemni (id_smlouva_najemni, id_osoba, id_byt, vlastnik_id_osoba, datum_podepsani, datum_zacatek_pronajmu, datum_konec_pronajmu) values (10, 110, 10, 10, '2021-01-29', '2022-09-10', '2023-02-16');
insert into smlouva_najemni (id_smlouva_najemni, id_osoba, id_byt, vlastnik_id_osoba, datum_podepsani, datum_zacatek_pronajmu, datum_konec_pronajmu) values (11, 111, 11, 11, '2021-01-29', '2022-11-19', '2023-04-13');
insert into smlouva_najemni (id_smlouva_najemni, id_osoba, id_byt, vlastnik_id_osoba, datum_podepsani, datum_zacatek_pronajmu, datum_konec_pronajmu) values (12, 112, 12, 12, '2021-01-11', '2022-06-19', '2023-02-23');
insert into smlouva_najemni (id_smlouva_najemni, id_osoba, id_byt, vlastnik_id_osoba, datum_podepsani, datum_zacatek_pronajmu, datum_konec_pronajmu) values (13, 113, 13, 13, '2021-03-11', '2022-09-03', '2023-01-03');
insert into smlouva_najemni (id_smlouva_najemni, id_osoba, id_byt, vlastnik_id_osoba, datum_podepsani, datum_zacatek_pronajmu, datum_konec_pronajmu) values (14, 114, 14, 14, '2021-03-16', '2022-03-19', '2023-03-25');
insert into smlouva_najemni (id_smlouva_najemni, id_osoba, id_byt, vlastnik_id_osoba, datum_podepsani, datum_zacatek_pronajmu, datum_konec_pronajmu) values (15, 115, 15, 15, '2021-03-27', '2022-03-03', '2023-03-18');
insert into smlouva_najemni (id_smlouva_najemni, id_osoba, id_byt, vlastnik_id_osoba, datum_podepsani, datum_zacatek_pronajmu, datum_konec_pronajmu) values (16, 116, 16, 16, '2021-03-02', '2022-10-03', '2023-03-16');
insert into smlouva_najemni (id_smlouva_najemni, id_osoba, id_byt, vlastnik_id_osoba, datum_podepsani, datum_zacatek_pronajmu, datum_konec_pronajmu) values (17, 117, 17, 17, '2021-04-01', '2022-07-21', '2023-02-20');
insert into smlouva_najemni (id_smlouva_najemni, id_osoba, id_byt, vlastnik_id_osoba, datum_podepsani, datum_zacatek_pronajmu, datum_konec_pronajmu) values (18, 118, 18, 18, '2021-01-30', '2022-09-21', '2023-02-01');
insert into smlouva_najemni (id_smlouva_najemni, id_osoba, id_byt, vlastnik_id_osoba, datum_podepsani, datum_zacatek_pronajmu, datum_konec_pronajmu) values (19, 119, 19, 19, '2021-01-04', '2022-10-11', '2023-02-23');
insert into smlouva_najemni (id_smlouva_najemni, id_osoba, id_byt, vlastnik_id_osoba, datum_podepsani, datum_zacatek_pronajmu, datum_konec_pronajmu) values (20, 120, 20, 20, '2021-04-14', '2022-04-24', '2023-01-30');
insert into smlouva_najemni (id_smlouva_najemni, id_osoba, id_byt, vlastnik_id_osoba, datum_podepsani, datum_zacatek_pronajmu, datum_konec_pronajmu) values (21, 121, 21, 21, '2021-03-11', '2022-03-02', '2023-03-10');
insert into smlouva_najemni (id_smlouva_najemni, id_osoba, id_byt, vlastnik_id_osoba, datum_podepsani, datum_zacatek_pronajmu, datum_konec_pronajmu) values (22, 122, 22, 22, '2021-04-12', '2022-09-05', '2023-02-02');
insert into smlouva_najemni (id_smlouva_najemni, id_osoba, id_byt, vlastnik_id_osoba, datum_podepsani, datum_zacatek_pronajmu, datum_konec_pronajmu) values (23, 123, 23, 23, '2021-01-07', '2022-05-18', '2023-02-20');
insert into smlouva_najemni (id_smlouva_najemni, id_osoba, id_byt, vlastnik_id_osoba, datum_podepsani, datum_zacatek_pronajmu, datum_konec_pronajmu) values (24, 124, 24, 24, '2021-02-10', '2022-10-23', '2023-02-09');
insert into smlouva_najemni (id_smlouva_najemni, id_osoba, id_byt, vlastnik_id_osoba, datum_podepsani, datum_zacatek_pronajmu, datum_konec_pronajmu) values (25, 125, 25, 25, '2021-04-28', '2022-01-21', '2023-03-27');
insert into smlouva_najemni (id_smlouva_najemni, id_osoba, id_byt, vlastnik_id_osoba, datum_podepsani, datum_zacatek_pronajmu, datum_konec_pronajmu) values (26, 126, 26, 26, '2021-02-06', '2022-11-23', '2023-03-23');
insert into smlouva_najemni (id_smlouva_najemni, id_osoba, id_byt, vlastnik_id_osoba, datum_podepsani, datum_zacatek_pronajmu, datum_konec_pronajmu) values (27, 127, 27, 27, '2021-04-27', '2022-06-27', '2023-02-15');
insert into smlouva_najemni (id_smlouva_najemni, id_osoba, id_byt, vlastnik_id_osoba, datum_podepsani, datum_zacatek_pronajmu, datum_konec_pronajmu) values (28, 128, 28, 28, '2021-01-09', '2022-06-03', '2023-03-29');
insert into smlouva_najemni (id_smlouva_najemni, id_osoba, id_byt, vlastnik_id_osoba, datum_podepsani, datum_zacatek_pronajmu, datum_konec_pronajmu) values (29, 129, 29, 29, '2021-03-03', '2022-08-22', '2023-04-07');
insert into smlouva_najemni (id_smlouva_najemni, id_osoba, id_byt, vlastnik_id_osoba, datum_podepsani, datum_zacatek_pronajmu, datum_konec_pronajmu) values (30, 130, 30, 30, '2021-01-08', '2022-11-11', '2023-03-25');
insert into smlouva_najemni (id_smlouva_najemni, id_osoba, id_byt, vlastnik_id_osoba, datum_podepsani, datum_zacatek_pronajmu, datum_konec_pronajmu) values (31, 131, 31, 31, '2021-04-09', '2022-12-16', '2023-04-19');
insert into smlouva_najemni (id_smlouva_najemni, id_osoba, id_byt, vlastnik_id_osoba, datum_podepsani, datum_zacatek_pronajmu, datum_konec_pronajmu) values (32, 132, 32, 32, '2021-01-17', '2022-12-17', '2023-03-02');
insert into smlouva_najemni (id_smlouva_najemni, id_osoba, id_byt, vlastnik_id_osoba, datum_podepsani, datum_zacatek_pronajmu, datum_konec_pronajmu) values (33, 133, 33, 33, '2021-01-07', '2022-11-23', '2023-03-25');
insert into smlouva_najemni (id_smlouva_najemni, id_osoba, id_byt, vlastnik_id_osoba, datum_podepsani, datum_zacatek_pronajmu, datum_konec_pronajmu) values (34, 134, 34, 34, '2021-04-30', '2022-03-20', '2023-01-27');
insert into smlouva_najemni (id_smlouva_najemni, id_osoba, id_byt, vlastnik_id_osoba, datum_podepsani, datum_zacatek_pronajmu, datum_konec_pronajmu) values (35, 135, 35, 35, '2021-02-19', '2022-02-10', '2023-04-20');
insert into smlouva_najemni (id_smlouva_najemni, id_osoba, id_byt, vlastnik_id_osoba, datum_podepsani, datum_zacatek_pronajmu, datum_konec_pronajmu) values (36, 136, 36, 36, '2021-02-13', '2022-01-21', '2023-04-13');
insert into smlouva_najemni (id_smlouva_najemni, id_osoba, id_byt, vlastnik_id_osoba, datum_podepsani, datum_zacatek_pronajmu, datum_konec_pronajmu) values (37, 137, 37, 37, '2021-02-08', '2022-05-22', '2023-03-04');
insert into smlouva_najemni (id_smlouva_najemni, id_osoba, id_byt, vlastnik_id_osoba, datum_podepsani, datum_zacatek_pronajmu, datum_konec_pronajmu) values (40, 140, 40, 40, '2021-03-07', '2022-01-15', '2023-03-31');
insert into smlouva_najemni (id_smlouva_najemni, id_osoba, id_byt, vlastnik_id_osoba, datum_podepsani, datum_zacatek_pronajmu, datum_konec_pronajmu) values (41, 141, 41, 41, '2021-02-18', '2022-06-29', '2023-01-10');
insert into smlouva_najemni (id_smlouva_najemni, id_osoba, id_byt, vlastnik_id_osoba, datum_podepsani, datum_zacatek_pronajmu, datum_konec_pronajmu) values (42, 142, 42, 42, '2021-03-30', '2022-08-27', '2023-02-13');
insert into smlouva_najemni (id_smlouva_najemni, id_osoba, id_byt, vlastnik_id_osoba, datum_podepsani, datum_zacatek_pronajmu, datum_konec_pronajmu) values (43, 143, 43, 43, '2021-02-07', '2022-04-26', '2023-04-16');
insert into smlouva_najemni (id_smlouva_najemni, id_osoba, id_byt, vlastnik_id_osoba, datum_podepsani, datum_zacatek_pronajmu, datum_konec_pronajmu) values (44, 144, 44, 44, '2021-03-25', '2022-07-31', '2023-02-19');
insert into smlouva_najemni (id_smlouva_najemni, id_osoba, id_byt, vlastnik_id_osoba, datum_podepsani, datum_zacatek_pronajmu, datum_konec_pronajmu) values (45, 145, 45, 45, '2021-01-09', '2022-11-21', '2023-04-03');
insert into smlouva_najemni (id_smlouva_najemni, id_osoba, id_byt, vlastnik_id_osoba, datum_podepsani, datum_zacatek_pronajmu, datum_konec_pronajmu) values (46, 146, 46, 46, '2021-01-03', '2022-03-15', '2023-04-13');
insert into smlouva_najemni (id_smlouva_najemni, id_osoba, id_byt, vlastnik_id_osoba, datum_podepsani, datum_zacatek_pronajmu, datum_konec_pronajmu) values (47, 147, 47, 47, '2021-02-03', '2022-05-05', '2023-04-11');
insert into smlouva_najemni (id_smlouva_najemni, id_osoba, id_byt, vlastnik_id_osoba, datum_podepsani, datum_zacatek_pronajmu, datum_konec_pronajmu) values (48, 148, 48, 48, '2021-03-17', '2022-04-05', '2023-04-05');
insert into smlouva_najemni (id_smlouva_najemni, id_osoba, id_byt, vlastnik_id_osoba, datum_podepsani, datum_zacatek_pronajmu, datum_konec_pronajmu) values (49, 149, 49, 49, '2021-03-20', '2022-11-15', '2023-01-19');
insert into smlouva_najemni (id_smlouva_najemni, id_osoba, id_byt, vlastnik_id_osoba, datum_podepsani, datum_zacatek_pronajmu, datum_konec_pronajmu) values (50, 150, 50, 50, '2021-01-27', '2022-10-03', '2023-04-01');
insert into smlouva_najemni (id_smlouva_najemni, id_osoba, id_byt, vlastnik_id_osoba, datum_podepsani, datum_zacatek_pronajmu, datum_konec_pronajmu) values (51, 151, 51, 51, '2021-03-02', '2022-07-23', '2023-03-22');
insert into smlouva_najemni (id_smlouva_najemni, id_osoba, id_byt, vlastnik_id_osoba, datum_podepsani, datum_zacatek_pronajmu, datum_konec_pronajmu) values (52, 152, 52, 52, '2021-03-29', '2022-05-22', '2023-04-15');
insert into smlouva_najemni (id_smlouva_najemni, id_osoba, id_byt, vlastnik_id_osoba, datum_podepsani, datum_zacatek_pronajmu, datum_konec_pronajmu) values (53, 153, 53, 53, '2021-03-16', '2022-06-25', '2023-04-30');
insert into smlouva_najemni (id_smlouva_najemni, id_osoba, id_byt, vlastnik_id_osoba, datum_podepsani, datum_zacatek_pronajmu, datum_konec_pronajmu) values (54, 154, 54, 54, '2021-03-12', '2022-04-23', '2023-03-27');
insert into smlouva_najemni (id_smlouva_najemni, id_osoba, id_byt, vlastnik_id_osoba, datum_podepsani, datum_zacatek_pronajmu, datum_konec_pronajmu) values (55, 155, 55, 55, '2021-03-07', '2022-02-23', '2023-02-23');
insert into smlouva_najemni (id_smlouva_najemni, id_osoba, id_byt, vlastnik_id_osoba, datum_podepsani, datum_zacatek_pronajmu, datum_konec_pronajmu) values (56, 156, 56, 56, '2021-01-06', '2022-09-09', '2023-04-15');
insert into smlouva_najemni (id_smlouva_najemni, id_osoba, id_byt, vlastnik_id_osoba, datum_podepsani, datum_zacatek_pronajmu, datum_konec_pronajmu) values (57, 157, 57, 57, '2021-02-18', '2022-03-23', '2023-03-03');
insert into smlouva_najemni (id_smlouva_najemni, id_osoba, id_byt, vlastnik_id_osoba, datum_podepsani, datum_zacatek_pronajmu, datum_konec_pronajmu) values (58, 158, 58, 58, '2021-03-11', '2022-03-27', '2023-03-05');
insert into smlouva_najemni (id_smlouva_najemni, id_osoba, id_byt, vlastnik_id_osoba, datum_podepsani, datum_zacatek_pronajmu, datum_konec_pronajmu) values (59, 159, 59, 59, '2021-01-28', '2022-10-12', '2023-01-13');
insert into smlouva_najemni (id_smlouva_najemni, id_osoba, id_byt, vlastnik_id_osoba, datum_podepsani, datum_zacatek_pronajmu, datum_konec_pronajmu) values (60, 160, 60, 60, '2021-04-24', '2022-08-22', '2023-03-05');
insert into smlouva_najemni (id_smlouva_najemni, id_osoba, id_byt, vlastnik_id_osoba, datum_podepsani, datum_zacatek_pronajmu, datum_konec_pronajmu) values (61, 161, 61, 61, '2021-02-16', '2022-11-04', '2023-02-04');
insert into smlouva_najemni (id_smlouva_najemni, id_osoba, id_byt, vlastnik_id_osoba, datum_podepsani, datum_zacatek_pronajmu, datum_konec_pronajmu) values (62, 162, 62, 62, '2021-03-05', '2022-02-27', '2023-03-01');
insert into smlouva_najemni (id_smlouva_najemni, id_osoba, id_byt, vlastnik_id_osoba, datum_podepsani, datum_zacatek_pronajmu, datum_konec_pronajmu) values (63, 163, 63, 63, '2021-01-14', '2022-02-17', '2023-02-20');
insert into smlouva_najemni (id_smlouva_najemni, id_osoba, id_byt, vlastnik_id_osoba, datum_podepsani, datum_zacatek_pronajmu, datum_konec_pronajmu) values (64, 164, 64, 64, '2021-01-10', '2022-01-16', '2023-03-20');
insert into smlouva_najemni (id_smlouva_najemni, id_osoba, id_byt, vlastnik_id_osoba, datum_podepsani, datum_zacatek_pronajmu, datum_konec_pronajmu) values (65, 165, 65, 65, '2021-04-27', '2022-11-03', '2023-01-28');
insert into smlouva_najemni (id_smlouva_najemni, id_osoba, id_byt, vlastnik_id_osoba, datum_podepsani, datum_zacatek_pronajmu, datum_konec_pronajmu) values (66, 166, 66, 66, '2021-03-10', '2022-01-06', '2023-03-17');
insert into smlouva_najemni (id_smlouva_najemni, id_osoba, id_byt, vlastnik_id_osoba, datum_podepsani, datum_zacatek_pronajmu, datum_konec_pronajmu) values (67, 167, 67, 67, '2021-04-10', '2022-03-24', '2023-02-23');
insert into smlouva_najemni (id_smlouva_najemni, id_osoba, id_byt, vlastnik_id_osoba, datum_podepsani, datum_zacatek_pronajmu, datum_konec_pronajmu) values (68, 168, 68, 68, '2021-02-18', '2022-06-10', '2023-04-10');
insert into smlouva_najemni (id_smlouva_najemni, id_osoba, id_byt, vlastnik_id_osoba, datum_podepsani, datum_zacatek_pronajmu, datum_konec_pronajmu) values (69, 169, 69, 69, '2021-01-25', '2022-01-20', '2023-04-19');
insert into smlouva_najemni (id_smlouva_najemni, id_osoba, id_byt, vlastnik_id_osoba, datum_podepsani, datum_zacatek_pronajmu, datum_konec_pronajmu) values (70, 170, 70, 70, '2021-03-02', '2022-12-06', '2023-02-08');
insert into smlouva_najemni (id_smlouva_najemni, id_osoba, id_byt, vlastnik_id_osoba, datum_podepsani, datum_zacatek_pronajmu, datum_konec_pronajmu) values (71, 171, 71, 71, '2021-03-29', '2022-12-27', '2023-03-16');
insert into smlouva_najemni (id_smlouva_najemni, id_osoba, id_byt, vlastnik_id_osoba, datum_podepsani, datum_zacatek_pronajmu, datum_konec_pronajmu) values (72, 172, 72, 72, '2021-04-23', '2022-11-12', '2023-02-27');
insert into smlouva_najemni (id_smlouva_najemni, id_osoba, id_byt, vlastnik_id_osoba, datum_podepsani, datum_zacatek_pronajmu, datum_konec_pronajmu) values (73, 173, 73, 73, '2021-03-23', '2022-06-19', '2023-04-17');
insert into smlouva_najemni (id_smlouva_najemni, id_osoba, id_byt, vlastnik_id_osoba, datum_podepsani, datum_zacatek_pronajmu, datum_konec_pronajmu) values (74, 174, 74, 74, '2021-03-16', '2022-05-13', '2023-03-29');
insert into smlouva_najemni (id_smlouva_najemni, id_osoba, id_byt, vlastnik_id_osoba, datum_podepsani, datum_zacatek_pronajmu, datum_konec_pronajmu) values (75, 175, 75, 75, '2021-01-08', '2022-12-23', '2023-01-14');
insert into smlouva_najemni (id_smlouva_najemni, id_osoba, id_byt, vlastnik_id_osoba, datum_podepsani, datum_zacatek_pronajmu, datum_konec_pronajmu) values (76, 176, 76, 76, '2021-03-02', '2022-05-29', '2023-02-15');
insert into smlouva_najemni (id_smlouva_najemni, id_osoba, id_byt, vlastnik_id_osoba, datum_podepsani, datum_zacatek_pronajmu, datum_konec_pronajmu) values (77, 177, 77, 77, '2021-04-12', '2022-11-13', '2023-03-19');
insert into smlouva_najemni (id_smlouva_najemni, id_osoba, id_byt, vlastnik_id_osoba, datum_podepsani, datum_zacatek_pronajmu, datum_konec_pronajmu) values (78, 178, 78, 78, '2021-04-13', '2022-01-04', '2023-04-03');
insert into smlouva_najemni (id_smlouva_najemni, id_osoba, id_byt, vlastnik_id_osoba, datum_podepsani, datum_zacatek_pronajmu, datum_konec_pronajmu) values (79, 179, 79, 79, '2021-01-31', '2022-04-20', '2023-01-19');
insert into smlouva_najemni (id_smlouva_najemni, id_osoba, id_byt, vlastnik_id_osoba, datum_podepsani, datum_zacatek_pronajmu, datum_konec_pronajmu) values (80, 180, 80, 80, '2021-04-14', '2022-02-19', '2023-04-12');
insert into smlouva_najemni (id_smlouva_najemni, id_osoba, id_byt, vlastnik_id_osoba, datum_podepsani, datum_zacatek_pronajmu, datum_konec_pronajmu) values (81, 181, 81, 81, '2021-02-03', '2022-05-23', '2023-03-31');
insert into smlouva_najemni (id_smlouva_najemni, id_osoba, id_byt, vlastnik_id_osoba, datum_podepsani, datum_zacatek_pronajmu, datum_konec_pronajmu) values (82, 182, 82, 82, '2021-02-04', '2022-12-26', '2023-01-14');
insert into smlouva_najemni (id_smlouva_najemni, id_osoba, id_byt, vlastnik_id_osoba, datum_podepsani, datum_zacatek_pronajmu, datum_konec_pronajmu) values (83, 183, 83, 83, '2021-03-15', '2022-08-01', '2023-03-30');
insert into smlouva_najemni (id_smlouva_najemni, id_osoba, id_byt, vlastnik_id_osoba, datum_podepsani, datum_zacatek_pronajmu, datum_konec_pronajmu) values (85, 185, 85, 85, '2021-01-20', '2022-12-22', '2023-04-28');
insert into smlouva_najemni (id_smlouva_najemni, id_osoba, id_byt, vlastnik_id_osoba, datum_podepsani, datum_zacatek_pronajmu, datum_konec_pronajmu) values (86, 186, 86, 86, '2021-02-02', '2022-01-27', '2023-04-17');
insert into smlouva_najemni (id_smlouva_najemni, id_osoba, id_byt, vlastnik_id_osoba, datum_podepsani, datum_zacatek_pronajmu, datum_konec_pronajmu) values (87, 187, 87, 87, '2021-04-10', '2022-08-26', '2023-04-02');
insert into smlouva_najemni (id_smlouva_najemni, id_osoba, id_byt, vlastnik_id_osoba, datum_podepsani, datum_zacatek_pronajmu, datum_konec_pronajmu) values (88, 188, 88, 88, '2021-04-07', '2022-07-05', '2023-04-09');
insert into smlouva_najemni (id_smlouva_najemni, id_osoba, id_byt, vlastnik_id_osoba, datum_podepsani, datum_zacatek_pronajmu, datum_konec_pronajmu) values (89, 189, 89, 89, '2021-01-11', '2022-05-18', '2023-01-08');
insert into smlouva_najemni (id_smlouva_najemni, id_osoba, id_byt, vlastnik_id_osoba, datum_podepsani, datum_zacatek_pronajmu, datum_konec_pronajmu) values (90, 190, 90, 90, '2021-01-01', '2022-06-18', '2023-03-08');
insert into smlouva_najemni (id_smlouva_najemni, id_osoba, id_byt, vlastnik_id_osoba, datum_podepsani, datum_zacatek_pronajmu, datum_konec_pronajmu) values (91, 191, 91, 91, '2021-04-27', '2022-07-11', '2023-04-06');
insert into smlouva_najemni (id_smlouva_najemni, id_osoba, id_byt, vlastnik_id_osoba, datum_podepsani, datum_zacatek_pronajmu, datum_konec_pronajmu) values (92, 192, 92, 92, '2021-04-17', '2022-06-12', '2023-01-22');
insert into smlouva_najemni (id_smlouva_najemni, id_osoba, id_byt, vlastnik_id_osoba, datum_podepsani, datum_zacatek_pronajmu, datum_konec_pronajmu) values (93, 193, 93, 93, '2021-03-19', '2022-07-01', '2023-01-21');
insert into smlouva_najemni (id_smlouva_najemni, id_osoba, id_byt, vlastnik_id_osoba, datum_podepsani, datum_zacatek_pronajmu, datum_konec_pronajmu) values (94, 194, 94, 94, '2021-04-05', '2022-06-01', '2023-01-14');
insert into smlouva_najemni (id_smlouva_najemni, id_osoba, id_byt, vlastnik_id_osoba, datum_podepsani, datum_zacatek_pronajmu, datum_konec_pronajmu) values (95, 195, 95, 95, '2021-03-08', '2022-08-30', '2023-04-30');
insert into smlouva_najemni (id_smlouva_najemni, id_osoba, id_byt, vlastnik_id_osoba, datum_podepsani, datum_zacatek_pronajmu, datum_konec_pronajmu) values (96, 196, 96, 96, '2021-03-09', '2022-11-25', '2023-03-18');
insert into smlouva_najemni (id_smlouva_najemni, id_osoba, id_byt, vlastnik_id_osoba, datum_podepsani, datum_zacatek_pronajmu, datum_konec_pronajmu) values (97, 197, 97, 97, '2021-01-30', '2022-07-18', '2023-01-07');
insert into smlouva_najemni (id_smlouva_najemni, id_osoba, id_byt, vlastnik_id_osoba, datum_podepsani, datum_zacatek_pronajmu, datum_konec_pronajmu) values (98, 198, 98, 98, '2021-04-18', '2022-09-19', '2023-02-26');
insert into smlouva_najemni (id_smlouva_najemni, id_osoba, id_byt, vlastnik_id_osoba, datum_podepsani, datum_zacatek_pronajmu, datum_konec_pronajmu) values (99, 199, 99, 99, '2021-01-28', '2022-01-15', '2023-03-23');
insert into smlouva_najemni (id_smlouva_najemni, id_osoba, id_byt, vlastnik_id_osoba, datum_podepsani, datum_zacatek_pronajmu, datum_konec_pronajmu) values (100, 200, 100, 100, '2021-01-16', '2022-06-08', '2023-03-30');

insert into platba (datum_placeni, id_smlouva_najemni, mnozstvi) values ('2021-06-12', 1, '120 000Kc');
insert into platba (datum_placeni, id_smlouva_najemni, mnozstvi) values ('2021-01-01', 2, '50 000Kc');
insert into platba (datum_placeni, id_smlouva_najemni, mnozstvi) values ('2021-06-14', 3, '730USD');
insert into platba (datum_placeni, id_smlouva_najemni, mnozstvi) values ('2021-09-04', 4, '900USD');
insert into platba (datum_placeni, id_smlouva_najemni, mnozstvi) values ('2021-08-04', 4, '900USD');
insert into platba (datum_placeni, id_smlouva_najemni, mnozstvi) values ('2021-07-04', 4, '900USD');
insert into platba (datum_placeni, id_smlouva_najemni, mnozstvi) values ('2021-06-04', 4, '900USD');
insert into platba (datum_placeni, id_smlouva_najemni, mnozstvi) values ('2021-05-04', 4, '900USD');
insert into platba (datum_placeni, id_smlouva_najemni, mnozstvi) values ('2021-04-04', 4, '900USD');
insert into platba (datum_placeni, id_smlouva_najemni, mnozstvi) values ('2021-03-04', 4, '900USD');
insert into platba (datum_placeni, id_smlouva_najemni, mnozstvi) values ('2021-02-14', 5, '24 000Kc');
insert into platba (datum_placeni, id_smlouva_najemni, mnozstvi) values ('2021-01-24', 6, '900USD');
insert into platba (datum_placeni, id_smlouva_najemni, mnozstvi) values ('2021-03-01', 7, '1200USD');
insert into platba (datum_placeni, id_smlouva_najemni, mnozstvi) values ('2021-10-05', 8, '1200USD');
insert into platba (datum_placeni, id_smlouva_najemni, mnozstvi) values ('2021-07-01', 9, '27 200Kc');
insert into platba (datum_placeni, id_smlouva_najemni, mnozstvi) values ('2021-09-28', 10, '2000USD');
insert into platba (datum_placeni, id_smlouva_najemni, mnozstvi) values ('2022-02-17', 11, '55 000Kc');
insert into platba (datum_placeni, id_smlouva_najemni, mnozstvi) values ('2021-10-05', 12, '27 200Kc');
insert into platba (datum_placeni, id_smlouva_najemni, mnozstvi) values ('2021-12-21', 13, '10 000Kc');
insert into platba (datum_placeni, id_smlouva_najemni, mnozstvi) values ('2021-01-24', 14, '55 000Kc');
insert into platba (datum_placeni, id_smlouva_najemni, mnozstvi) values ('2022-02-21', 15, '1200USD');
insert into platba (datum_placeni, id_smlouva_najemni, mnozstvi) values ('2022-04-17', 16, '500USD');
insert into platba (datum_placeni, id_smlouva_najemni, mnozstvi) values ('2021-01-10', 17, '800USD');
insert into platba (datum_placeni, id_smlouva_najemni, mnozstvi) values ('2021-11-25', 18, '1200USD');
insert into platba (datum_placeni, id_smlouva_najemni, mnozstvi) values ('2022-02-18', 19, '730USD');
insert into platba (datum_placeni, id_smlouva_najemni, mnozstvi) values ('2021-11-02', 20, '730USD');
insert into platba (datum_placeni, id_smlouva_najemni, mnozstvi) values ('2021-02-15', 21, '32 000Kc');
insert into platba (datum_placeni, id_smlouva_najemni, mnozstvi) values ('2021-05-03', 22, '800USD');
insert into platba (datum_placeni, id_smlouva_najemni, mnozstvi) values ('2021-01-07', 23, '800USD');
insert into platba (datum_placeni, id_smlouva_najemni, mnozstvi) values ('2022-01-28', 24, '24 000Kc');
insert into platba (datum_placeni, id_smlouva_najemni, mnozstvi) values ('2021-08-11', 25, '64 000Kc');
insert into platba (datum_placeni, id_smlouva_najemni, mnozstvi) values ('2021-10-29', 26, '120 000Kc');
insert into platba (datum_placeni, id_smlouva_najemni, mnozstvi) values ('2021-11-14', 27, '27 200Kc');
insert into platba (datum_placeni, id_smlouva_najemni, mnozstvi) values ('2021-03-25', 28, '500USD');
insert into platba (datum_placeni, id_smlouva_najemni, mnozstvi) values ('2022-04-03', 29, '500USD');
insert into platba (datum_placeni, id_smlouva_najemni, mnozstvi) values ('2021-12-17', 30, '1200USD');
insert into platba (datum_placeni, id_smlouva_najemni, mnozstvi) values ('2022-04-15', 31, '800USD');
insert into platba (datum_placeni, id_smlouva_najemni, mnozstvi) values ('2021-01-24', 32, '64 000Kc');
insert into platba (datum_placeni, id_smlouva_najemni, mnozstvi) values ('2021-07-06', 33, '15 000Kc');
insert into platba (datum_placeni, id_smlouva_najemni, mnozstvi) values ('2021-08-06', 33, '15 000Kc');
insert into platba (datum_placeni, id_smlouva_najemni, mnozstvi) values ('2021-09-06', 33, '15 000Kc');
insert into platba (datum_placeni, id_smlouva_najemni, mnozstvi) values ('2021-10-06', 33, '15 000Kc');
insert into platba (datum_placeni, id_smlouva_najemni, mnozstvi) values ('2021-11-06', 33, '15 000Kc');
insert into platba (datum_placeni, id_smlouva_najemni, mnozstvi) values ('2021-12-06', 33, '15 000Kc');
insert into platba (datum_placeni, id_smlouva_najemni, mnozstvi) values ('2022-01-06', 33, '15 000Kc');
insert into platba (datum_placeni, id_smlouva_najemni, mnozstvi) values ('2021-06-26', 34, '500USD');
insert into platba (datum_placeni, id_smlouva_najemni, mnozstvi) values ('2022-04-27', 35, '32 000Kc');
insert into platba (datum_placeni, id_smlouva_najemni, mnozstvi) values ('2021-03-06', 36, '27 200Kc');
insert into platba (datum_placeni, id_smlouva_najemni, mnozstvi) values ('2021-09-21', 37, '15 000Kc');
insert into platba (datum_placeni, id_smlouva_najemni, mnozstvi) values ('2021-11-05', 40, '1200USD');
insert into platba (datum_placeni, id_smlouva_najemni, mnozstvi) values ('2021-09-09', 41, '730USD');
insert into platba (datum_placeni, id_smlouva_najemni, mnozstvi) values ('2022-01-04', 42, '27 200Kc');
insert into platba (datum_placeni, id_smlouva_najemni, mnozstvi) values ('2021-01-22', 43, '730USD');
insert into platba (datum_placeni, id_smlouva_najemni, mnozstvi) values ('2021-07-03', 44, '24 000Kc');
insert into platba (datum_placeni, id_smlouva_najemni, mnozstvi) values ('2022-02-17', 45, '120 000Kc');
insert into platba (datum_placeni, id_smlouva_najemni, mnozstvi) values ('2021-10-10', 46, '64 000Kc');
insert into platba (datum_placeni, id_smlouva_najemni, mnozstvi) values ('2021-03-13', 47, '800USD');
insert into platba (datum_placeni, id_smlouva_najemni, mnozstvi) values ('2022-03-30', 48, '10 000Kc');
insert into platba (datum_placeni, id_smlouva_najemni, mnozstvi) values ('2022-01-17', 49, '730USD');
insert into platba (datum_placeni, id_smlouva_najemni, mnozstvi) values ('2021-02-17', 50, '50 000Kc');
insert into platba (datum_placeni, id_smlouva_najemni, mnozstvi) values ('2021-09-30', 51, '120 000Kc');
insert into platba (datum_placeni, id_smlouva_najemni, mnozstvi) values ('2022-03-06', 52, '24 000Kc');
insert into platba (datum_placeni, id_smlouva_najemni, mnozstvi) values ('2021-07-08', 53, '64 000Kc');
insert into platba (datum_placeni, id_smlouva_najemni, mnozstvi) values ('2021-06-16', 54, '10 000Kc');
insert into platba (datum_placeni, id_smlouva_najemni, mnozstvi) values ('2021-03-27', 55, '15 000Kc');
insert into platba (datum_placeni, id_smlouva_najemni, mnozstvi) values ('2021-12-21', 56, '55 000Kc');
insert into platba (datum_placeni, id_smlouva_najemni, mnozstvi) values ('2021-09-26', 57, '800USD');
insert into platba (datum_placeni, id_smlouva_najemni, mnozstvi) values ('2021-07-18', 58, '24 000Kc');
insert into platba (datum_placeni, id_smlouva_najemni, mnozstvi) values ('2021-09-10', 59, '24 000Kc');
insert into platba (datum_placeni, id_smlouva_najemni, mnozstvi) values ('2021-01-31', 60, '900USD');
insert into platba (datum_placeni, id_smlouva_najemni, mnozstvi) values ('2021-05-22', 61, '2000USD');
insert into platba (datum_placeni, id_smlouva_najemni, mnozstvi) values ('2022-02-19', 62, '64 000Kc');
insert into platba (datum_placeni, id_smlouva_najemni, mnozstvi) values ('2021-11-02', 63, '500USD');
insert into platba (datum_placeni, id_smlouva_najemni, mnozstvi) values ('2022-01-11', 64, '24 000Kc');
insert into platba (datum_placeni, id_smlouva_najemni, mnozstvi) values ('2021-07-26', 65, '500USD');
insert into platba (datum_placeni, id_smlouva_najemni, mnozstvi) values ('2021-08-02', 66, '120 000Kc');
insert into platba (datum_placeni, id_smlouva_najemni, mnozstvi) values ('2021-09-21', 67, '55 000Kc');
insert into platba (datum_placeni, id_smlouva_najemni, mnozstvi) values ('2021-08-28', 68, '24 000Kc');
insert into platba (datum_placeni, id_smlouva_najemni, mnozstvi) values ('2021-10-22', 69, '1200USD');
insert into platba (datum_placeni, id_smlouva_najemni, mnozstvi) values ('2021-07-20', 70, '32 000Kc');
insert into platba (datum_placeni, id_smlouva_najemni, mnozstvi) values ('2022-01-09', 71, '730USD');
insert into platba (datum_placeni, id_smlouva_najemni, mnozstvi) values ('2021-08-22', 72, '55 000Kc');
insert into platba (datum_placeni, id_smlouva_najemni, mnozstvi) values ('2021-07-09', 73, '800USD');
insert into platba (datum_placeni, id_smlouva_najemni, mnozstvi) values ('2022-02-13', 74, '10 000Kc');
insert into platba (datum_placeni, id_smlouva_najemni, mnozstvi) values ('2021-10-30', 75, '730USD');
insert into platba (datum_placeni, id_smlouva_najemni, mnozstvi) values ('2021-05-29', 76, '2000USD');
insert into platba (datum_placeni, id_smlouva_najemni, mnozstvi) values ('2021-02-03', 77, '500USD');
insert into platba (datum_placeni, id_smlouva_najemni, mnozstvi) values ('2021-08-03', 78, '50 000Kc');
insert into platba (datum_placeni, id_smlouva_najemni, mnozstvi) values ('2021-10-01', 79, '800USD');
insert into platba (datum_placeni, id_smlouva_najemni, mnozstvi) values ('2021-11-01', 79, '800USD');
insert into platba (datum_placeni, id_smlouva_najemni, mnozstvi) values ('2021-12-01', 79, '800USD');
insert into platba (datum_placeni, id_smlouva_najemni, mnozstvi) values ('2021-09-01', 79, '800USD');
insert into platba (datum_placeni, id_smlouva_najemni, mnozstvi) values ('2021-08-01', 79, '800USD');
insert into platba (datum_placeni, id_smlouva_najemni, mnozstvi) values ('2021-04-18', 80, '10 000Kc');
insert into platba (datum_placeni, id_smlouva_najemni, mnozstvi) values ('2022-03-11', 81, '15 000Kc');
insert into platba (datum_placeni, id_smlouva_najemni, mnozstvi) values ('2021-01-06', 82, '24 000Kc');
insert into platba (datum_placeni, id_smlouva_najemni, mnozstvi) values ('2021-02-11', 83, '27 200Kc');
insert into platba (datum_placeni, id_smlouva_najemni, mnozstvi) values ('2021-03-11', 83, '27 200Kc');
insert into platba (datum_placeni, id_smlouva_najemni, mnozstvi) values ('2021-04-11', 83, '27 200Kc');
insert into platba (datum_placeni, id_smlouva_najemni, mnozstvi) values ('2021-05-11', 83, '27 200Kc');
insert into platba (datum_placeni, id_smlouva_najemni, mnozstvi) values ('2021-06-11', 83, '27 200Kc');
insert into platba (datum_placeni, id_smlouva_najemni, mnozstvi) values ('2022-01-27', 85, '500USD');
insert into platba (datum_placeni, id_smlouva_najemni, mnozstvi) values ('2021-09-20', 86, '900USD');
insert into platba (datum_placeni, id_smlouva_najemni, mnozstvi) values ('2021-07-01', 87, '24 000Kc');
insert into platba (datum_placeni, id_smlouva_najemni, mnozstvi) values ('2022-02-25', 88, '800USD');
insert into platba (datum_placeni, id_smlouva_najemni, mnozstvi) values ('2022-04-03', 89, '15 000Kc');
insert into platba (datum_placeni, id_smlouva_najemni, mnozstvi) values ('2021-12-15', 90, '10 000Kc');
insert into platba (datum_placeni, id_smlouva_najemni, mnozstvi) values ('2021-05-27', 91, '500USD');
insert into platba (datum_placeni, id_smlouva_najemni, mnozstvi) values ('2021-09-25', 92, '500USD');
insert into platba (datum_placeni, id_smlouva_najemni, mnozstvi) values ('2021-06-04', 93, '15 000Kc');
insert into platba (datum_placeni, id_smlouva_najemni, mnozstvi) values ('2021-09-28', 94, '900USD');
insert into platba (datum_placeni, id_smlouva_najemni, mnozstvi) values ('2021-03-16', 95, '64 000Kc');
insert into platba (datum_placeni, id_smlouva_najemni, mnozstvi) values ('2021-04-16', 95, '64 000Kc');
insert into platba (datum_placeni, id_smlouva_najemni, mnozstvi) values ('2021-05-16', 95, '64 000Kc');
insert into platba (datum_placeni, id_smlouva_najemni, mnozstvi) values ('2021-06-16', 95, '64 000Kc');
insert into platba (datum_placeni, id_smlouva_najemni, mnozstvi) values ('2021-07-16', 95, '64 000Kc');
insert into platba (datum_placeni, id_smlouva_najemni, mnozstvi) values ('2021-08-16', 95, '64 000Kc');
insert into platba (datum_placeni, id_smlouva_najemni, mnozstvi) values ('2021-09-16', 95, '64 000Kc');
insert into platba (datum_placeni, id_smlouva_najemni, mnozstvi) values ('2021-10-16', 95, '64 000Kc');
insert into platba (datum_placeni, id_smlouva_najemni, mnozstvi) values ('2021-09-13', 96, '800USD');
insert into platba (datum_placeni, id_smlouva_najemni, mnozstvi) values ('2021-02-13', 97, '120 000Kc');
insert into platba (datum_placeni, id_smlouva_najemni, mnozstvi) values ('2022-01-28', 98, '900USD');
insert into platba (datum_placeni, id_smlouva_najemni, mnozstvi) values ('2021-08-04', 99, '32 000Kc');
insert into platba (datum_placeni, id_smlouva_najemni, mnozstvi) values ('2021-10-17', 100, '24 000Kc');
